"DateTime","Players","Average Players","Twitch Viewers"
"2021-06-13 00:00:00",,,9
"2021-06-14 00:00:00",,,7670
"2021-06-15 00:00:00",,,5
"2021-06-16 00:00:00",,,39
"2021-06-17 00:00:00",,,9
"2021-06-18 00:00:00",,,3
"2021-06-19 00:00:00",,,3
"2021-06-20 00:00:00",,,1
"2021-06-21 00:00:00",,,6
"2021-06-22 00:00:00",,,5
"2021-06-23 00:00:00",,,5
"2021-06-24 00:00:00",,,3
"2021-06-25 00:00:00",,,1
"2021-06-26 00:00:00",,,4
"2021-06-27 00:00:00",,,2
"2021-06-28 00:00:00",,,20
"2021-06-29 00:00:00",,,3
"2021-06-30 00:00:00",,,0
"2021-07-01 00:00:00",,,4
"2021-07-02 00:00:00",,,3
"2021-07-03 00:00:00",,,5
"2021-07-04 00:00:00",,,0
"2021-07-05 00:00:00",,,7
"2021-07-06 00:00:00",,,0
"2021-07-07 00:00:00",,,0
"2021-07-08 00:00:00",,,2
"2021-07-09 00:00:00",,,2
"2021-07-10 00:00:00",,,4
"2021-07-11 00:00:00",,,2
"2021-07-12 00:00:00",,,1714
"2021-07-13 00:00:00",,,4
"2021-07-14 00:00:00",,,8
"2021-07-15 00:00:00",,,11
"2021-07-16 00:00:00",,,2
"2021-07-17 00:00:00",,,8
"2021-07-18 00:00:00",,,0
"2021-07-19 00:00:00",,,1
"2021-07-20 00:00:00",,,2
"2021-07-21 00:00:00",,,0
"2021-07-22 00:00:00",,,0
"2021-07-23 00:00:00",,,0
"2021-07-24 00:00:00",,,1
"2021-07-25 00:00:00",,,0
"2021-07-26 00:00:00",,,1690
"2021-07-27 00:00:00",,,0
"2021-07-28 00:00:00",,,0
"2021-07-29 00:00:00",,,0
"2021-07-30 00:00:00",,,0
"2021-07-31 00:00:00",,,1
"2021-08-01 00:00:00",,,0
"2021-08-02 00:00:00",,,1
"2021-08-03 00:00:00",,,0
"2021-08-04 00:00:00",,,0
"2021-08-05 00:00:00",,,0
"2021-08-06 00:00:00",,,1
"2021-08-07 00:00:00",,,2
"2021-08-08 00:00:00",,,0
"2021-08-09 00:00:00",,,2903
"2021-08-10 00:00:00",,,0
"2021-08-11 00:00:00",,,1
"2021-08-12 00:00:00",,,7
"2021-08-13 00:00:00",,,10
"2021-08-14 00:00:00",,,0
"2021-08-15 00:00:00",,,0
"2021-08-16 00:00:00",,,2
"2021-08-17 00:00:00",,,0
"2021-08-18 00:00:00",,,2
"2021-08-19 00:00:00",,,2
"2021-08-20 00:00:00",,,1
"2021-08-21 00:00:00",,,0
"2021-08-22 00:00:00",,,0
"2021-08-23 00:00:00",,,0
"2021-08-24 00:00:00",,,4732
"2021-08-25 00:00:00",,,498
"2021-08-26 00:00:00",,,7
"2021-08-27 00:00:00",,,3
"2021-08-28 00:00:00",,,3
"2021-08-29 00:00:00",,,1
"2021-08-30 00:00:00",,,1
"2021-08-31 00:00:00",,,5
"2021-09-01 00:00:00",,,0
"2021-09-02 00:00:00",,,0
"2021-09-03 00:00:00",,,45
"2021-09-04 00:00:00",,,1
"2021-09-05 00:00:00",,,0
"2021-09-06 00:00:00",,,0
"2021-09-07 00:00:00",,,2389
"2021-09-08 00:00:00",,,0
"2021-09-09 00:00:00",,,17
"2021-09-10 00:00:00",,,11
"2021-09-11 00:00:00",,,0
"2021-09-12 00:00:00",,,3
"2021-09-13 00:00:00",,,3
"2021-09-14 00:00:00",,,3
"2021-09-15 00:00:00",,,7
"2021-09-16 00:00:00",,,9
"2021-09-17 00:00:00",,,3
"2021-09-18 00:00:00",,,1
"2021-09-19 00:00:00",,,9
"2021-09-20 00:00:00",,,1861
"2021-09-21 00:00:00",,,7
"2021-09-22 00:00:00",,,12
"2021-09-23 00:00:00",,,2
"2021-09-24 00:00:00",,,0
"2021-09-25 00:00:00",,,3
"2021-09-26 00:00:00",,,1
"2021-09-27 00:00:00",,,0
"2021-09-28 00:00:00",,,0
"2021-09-29 00:00:00",,,8
"2021-09-30 00:00:00",,,13
"2021-10-01 00:00:00",,,2
"2021-10-02 00:00:00",,,0
"2021-10-03 00:00:00",,,10
"2021-10-04 00:00:00",,,2202
"2021-10-05 00:00:00",,,4
"2021-10-06 00:00:00",,,6
"2021-10-07 00:00:00",,,0
"2021-10-08 00:00:00",,,1
"2021-10-09 00:00:00",,,0
"2021-10-10 00:00:00",,,4
"2021-10-11 00:00:00",,,145
"2021-10-12 00:00:00",,,17
"2021-10-13 00:00:00",,,14
"2021-10-14 00:00:00",,,13
"2021-10-15 00:00:00",,,19
"2021-10-16 00:00:00",,,6
"2021-10-17 00:00:00",,,9
"2021-10-18 00:00:00",,,1797
"2021-10-19 00:00:00",,,6
"2021-10-20 00:00:00",,,7
"2021-10-21 00:00:00",,,7
"2021-10-22 00:00:00",,,63
"2021-10-23 00:00:00",,,3
"2021-10-24 00:00:00",,,7
"2021-10-25 00:00:00",,,14
"2021-10-26 00:00:00",,,258
"2021-10-27 00:00:00",,,9
"2021-10-28 00:00:00",,,7
"2021-10-29 00:00:00",,,14
"2021-10-30 00:00:00",,,10
"2021-10-31 00:00:00",,,18
"2021-11-01 00:00:00",,,21
"2021-11-02 00:00:00",,,36
"2021-11-03 00:00:00",,,97
"2021-11-04 00:00:00",,,84017
"2021-11-05 00:00:00",,,84697
"2021-11-06 00:00:00",,,84263
"2021-11-07 00:00:00",,,95623
"2021-11-08 00:00:00",,,49359
"2021-11-09 00:00:00",70726,,88157
"2021-11-10 00:00:00",74323,,68079
"2021-11-11 00:00:00",80859,,39990
"2021-11-12 00:00:00",73966,,83191
"2021-11-13 00:00:00",81096,,30783
"2021-11-14 00:00:00",79767,,62208
"2021-11-15 00:00:00",62275,,62883
"2021-11-16 00:00:00",56628,,45874
"2021-11-17 00:00:00",52222,,23988
"2021-11-18 00:00:00",49809,,34165
"2021-11-19 00:00:00",45527,,25334
"2021-11-20 00:00:00",50309,,37753
"2021-11-21 00:00:00",48506,,25121
"2021-11-22 00:00:00",37924,,16439
"2021-11-23 00:00:00",34711,,17593
"2021-11-24 00:00:00",34210,,16422
"2021-11-25 00:00:00",37331,,13899
"2021-11-26 00:00:00",35307,,20292
"2021-11-27 00:00:00",37024,,14497
"2021-11-28 00:00:00",35355,,18773
"2021-11-29 00:00:00",26361,,16221
"2021-11-30 00:00:00",24767,,11623
"2021-12-01 00:00:00",23325,,28294
"2021-12-02 00:00:00",26038,,22325
"2021-12-03 00:00:00",26457,,23664
"2021-12-04 00:00:00",31367,,9208
"2021-12-05 00:00:00",30158,,8370
"2021-12-06 00:00:00",21719,,9131
"2021-12-07 00:00:00",20869,,4849
"2021-12-08 00:00:00",19982,,4896
"2021-12-09 00:00:00",23558,,7297
"2021-12-10 00:00:00",22660,,8792
"2021-12-11 00:00:00",25166,,5833
"2021-12-12 00:00:00",22223,,7751
"2021-12-13 00:00:00",17121,,8731
"2021-12-14 00:00:00",16211,,18353
"2021-12-15 00:00:00",16269,,13851
"2021-12-16 00:00:00",18553,,12036
"2021-12-17 00:00:00",18424,,6965
"2021-12-18 00:00:00",20310,,5209
"2021-12-19 00:00:00",19710,,20319
"2021-12-20 00:00:00",16143,,6865
"2021-12-21 00:00:00",15832,,5636
"2021-12-22 00:00:00",15331,,4800
"2021-12-23 00:00:00",19880,,7705
"2021-12-24 00:00:00",20637,,1971
"2021-12-25 00:00:00",23553,,3387
"2021-12-26 00:00:00",24071,,3670
"2021-12-27 00:00:00",23812,,3372
"2021-12-28 00:00:00",22795,,7215
"2021-12-29 00:00:00",22857,,7893
"2021-12-30 00:00:00",26245,,6843
"2021-12-31 00:00:00",24355,,2963
"2022-01-01 00:00:00",23423,,2994
"2022-01-02 00:00:00",23068,,5373
"2022-01-03 00:00:00",19778,,3541
"2022-01-04 00:00:00",18456,,2711
"2022-01-05 00:00:00",18603,,4611
"2022-01-06 00:00:00",21891,,4499
"2022-01-07 00:00:00",20451,,3347
"2022-01-08 00:00:00",21436,,3320
"2022-01-09 00:00:00",20433,,7928
"2022-01-10 00:00:00",15697,,9160
"2022-01-11 00:00:00",15486,,3326
"2022-01-12 00:00:00",15360,,7478
"2022-01-13 00:00:00",17839,,2971
"2022-01-14 00:00:00",17054,,3854
"2022-01-15 00:00:00",18835,,3691
"2022-01-16 00:00:00",18074,,4314
"2022-01-17 00:00:00",15658,,2924
"2022-01-18 00:00:00",13492,,6414
"2022-01-19 00:00:00",13575,,5551
"2022-01-20 00:00:00",16166,,2461
"2022-01-21 00:00:00",15137,,3118
"2022-01-22 00:00:00",17001,,7586
"2022-01-23 00:00:00",16398,,4538
"2022-01-24 00:00:00",12508,,3569
"2022-01-25 00:00:00",12036,,5493
"2022-01-26 00:00:00",12507,,4271
"2022-01-27 00:00:00",15814,,3413
"2022-01-28 00:00:00",14723,,4056
"2022-01-29 00:00:00",16473,,2623
"2022-01-30 00:00:00",16783,,7809
"2022-01-31 00:00:00",12855,,3066
"2022-02-01 00:00:00",12664,,19526
"2022-02-02 00:00:00",14405,,1765
"2022-02-03 00:00:00",19524,,3422
"2022-02-04 00:00:00",16610,,16404
"2022-02-05 00:00:00",17311,,16384
"2022-02-06 00:00:00",16919,,1570
"2022-02-07 00:00:00",12628,,7250
"2022-02-08 00:00:00",12182,,4301
"2022-02-09 00:00:00",11823,,10408
"2022-02-10 00:00:00",16595,,2341
"2022-02-11 00:00:00",15737,,3811
"2022-02-12 00:00:00",15950,,3180
"2022-02-13 00:00:00",15378,,10723
"2022-02-14 00:00:00",11402,,1610
"2022-02-15 00:00:00",11239,,3463
"2022-02-16 00:00:00",11048,,1373
"2022-02-17 00:00:00",13885,,6415
"2022-02-18 00:00:00",13946,,9064
"2022-02-19 00:00:00",14507,,6971
"2022-02-20 00:00:00",14171,,10502
"2022-02-21 00:00:00",10771,,3420
"2022-02-22 00:00:00",10343,,1775
"2022-02-23 00:00:00",10256,,4094
"2022-02-24 00:00:00",12546,,5633
"2022-02-25 00:00:00",12330,,7324
"2022-02-26 00:00:00",12782,,1460
"2022-02-27 00:00:00",11970,,4527
"2022-02-28 00:00:00",9248,,2761
"2022-03-01 00:00:00",9550,,25534
"2022-03-02 00:00:00",9456,,1596
"2022-03-03 00:00:00",13103,,2354
"2022-03-04 00:00:00",12190,,3402
"2022-03-05 00:00:00",13269,,1440
"2022-03-06 00:00:00",13029,,3380
"2022-03-07 00:00:00",9510,,1412
"2022-03-08 00:00:00",9400,,2402
"2022-03-09 00:00:00",9258,,1101
"2022-03-10 00:00:00",12256,,2007
"2022-03-11 00:00:00",11461,,3548
"2022-03-12 00:00:00",12433,,1583
"2022-03-13 00:00:00",11819,,1800
"2022-03-14 00:00:00",8617,,2632
"2022-03-15 00:00:00",8419,,1351
"2022-03-16 00:00:00",8776,,5470
"2022-03-17 00:00:00",11811,,6440
"2022-03-18 00:00:00",11023,,954
"2022-03-19 00:00:00",11640,,5822
"2022-03-20 00:00:00",11023,,1990
"2022-03-21 00:00:00",7974,,5448
"2022-03-22 00:00:00",7949,,2560
"2022-03-23 00:00:00",8174,,1347
"2022-03-24 00:00:00",12007,,2864
"2022-03-25 00:00:00",11317,,2778
"2022-03-26 00:00:00",12157,,1434
"2022-03-27 00:00:00",11760,,1368
"2022-03-28 00:00:00",8959,,2380
"2022-03-29 00:00:00",8923,,6739
"2022-03-30 00:00:00",9314,,6442
"2022-03-31 00:00:00",14466,,7471
"2022-04-01 00:00:00",12571,,1303
"2022-04-02 00:00:00",13673,,1218
"2022-04-03 00:00:00",13151,,4332
"2022-04-04 00:00:00",9779,,1205
"2022-04-05 00:00:00",9295,,1439
"2022-04-06 00:00:00",9392,,845
"2022-04-07 00:00:00",13541,,2635
"2022-04-08 00:00:00",12837,,1776
"2022-04-09 00:00:00",14292,,1350
"2022-04-10 00:00:00",13902,,1669
"2022-04-11 00:00:00",10993,,1247
"2022-04-12 00:00:00",10819,,1358
"2022-04-13 00:00:00",10941,,2102
"2022-04-14 00:00:00",13820,,1789
"2022-04-15 00:00:00",13650,,2759
"2022-04-16 00:00:00",12822,,1269
"2022-04-17 00:00:00",11962,,1932
"2022-04-18 00:00:00",10997,,5202
"2022-04-19 00:00:00",9138,,1341
"2022-04-20 00:00:00",9256,,1549
"2022-04-21 00:00:00",12885,,1961
"2022-04-22 00:00:00",11555,,2095
"2022-04-23 00:00:00",11592,,2942
"2022-04-24 00:00:00",11414,,2253
"2022-04-25 00:00:00",9069,,11408
"2022-04-26 00:00:00",9212,,2726
"2022-04-27 00:00:00",8986,,1497
"2022-04-28 00:00:00",13298,,1629
"2022-04-29 00:00:00",11534,,2155
"2022-04-30 00:00:00",12250,,9158
"2022-05-01 00:00:00",11773,,985
"2022-05-02 00:00:00",9437,,2788
"2022-05-03 00:00:00",8958,,2898
"2022-05-04 00:00:00",8722,,2601
"2022-05-05 00:00:00",12559,,3194
"2022-05-06 00:00:00",10999,,1394
"2022-05-07 00:00:00",11856,,7534
"2022-05-08 00:00:00",10971,,1286
"2022-05-09 00:00:00",8249,,4261
"2022-05-10 00:00:00",8304,,2071
"2022-05-11 00:00:00",8540,,844
"2022-05-12 00:00:00",11440,,3579
"2022-05-13 00:00:00",10316,,1211
"2022-05-14 00:00:00",10525,,1253
"2022-05-15 00:00:00",10057,,1185
"2022-05-16 00:00:00",7941,,645
"2022-05-17 00:00:00",7648,,20654
"2022-05-18 00:00:00",7833,,1143
"2022-05-19 00:00:00",11241,,1723
"2022-05-20 00:00:00",9660,,6504
"2022-05-21 00:00:00",10059,,7003
"2022-05-22 00:00:00",9408,,1917
"2022-05-23 00:00:00",7788,,2007
"2022-05-24 00:00:00",7530,,844
"2022-05-25 00:00:00",8063,,27469
"2022-05-26 00:00:00",12188,,2241
"2022-05-27 00:00:00",10868,,8966
"2022-05-28 00:00:00",10534,,9844
"2022-05-29 00:00:00",10071,,1072
"2022-05-30 00:00:00",8712,,1136
"2022-05-31 00:00:00",7933,,3336
"2022-06-01 00:00:00",8330,,1323
"2022-06-02 00:00:00",12665,,1883
"2022-06-03 00:00:00",10493,,1029
"2022-06-04 00:00:00",10309,,2171
"2022-06-05 00:00:00",10402,,1049
"2022-06-06 00:00:00",9066,,1705
"2022-06-07 00:00:00",8078,,681
"2022-06-08 00:00:00",8229,,1508
"2022-06-09 00:00:00",11247,,1840
"2022-06-10 00:00:00",10131,,1467
"2022-06-11 00:00:00",10608,,1168
"2022-06-12 00:00:00",11272,,2244
"2022-06-13 00:00:00",10194,,9754
"2022-06-14 00:00:00",9998,,2156
"2022-06-15 00:00:00",9825,,2026
"2022-06-16 00:00:00",14263,,9326
"2022-06-17 00:00:00",12927,,1993
"2022-06-18 00:00:00",12787,,1624
"2022-06-19 00:00:00",12890,,1323
"2022-06-20 00:00:00",11071,,2422
"2022-06-21 00:00:00",10792,,35899
"2022-06-22 00:00:00",10819,,8305
"2022-06-23 00:00:00",15326,,2029
"2022-06-24 00:00:00",13508,,1110
"2022-06-25 00:00:00",13502,,1344
"2022-06-26 00:00:00",13358,,1374
"2022-06-27 00:00:00",11438,,2552
"2022-06-28 00:00:00",11147,,127965
"2022-06-29 00:00:00",11273,,1968
"2022-06-30 00:00:00",14201,,10327
"2022-07-01 00:00:00",12893,,1767
"2022-07-02 00:00:00",12285,,2986
"2022-07-03 00:00:00",12417,,2627
"2022-07-04 00:00:00",11254,,1263
"2022-07-05 00:00:00",10698,,970
"2022-07-06 00:00:00",10741,,2383
"2022-07-07 00:00:00",13853,,4122
"2022-07-08 00:00:00",12158,,1497
"2022-07-09 00:00:00",11867,,1388
"2022-07-10 00:00:00",11485,,1054
"2022-07-11 00:00:00",9840,,990
"2022-07-12 00:00:00",9506,,1291
"2022-07-13 00:00:00",9410,,1040
"2022-07-14 00:00:00",12667,,5383
"2022-07-15 00:00:00",10930,,1078
"2022-07-16 00:00:00",10923,,1566
"2022-07-17 00:00:00",10793,,1450
"2022-07-18 00:00:00",9279,,3310
"2022-07-19 00:00:00",18000,,16211
"2022-07-20 00:00:00",18948,,29878
"2022-07-21 00:00:00",18321,,4502
"2022-07-22 00:00:00",17164,,3381
"2022-07-23 00:00:00",16133,,4141
"2022-07-24 00:00:00",14762,,2945
"2022-07-25 00:00:00",12411,,9095
"2022-07-26 00:00:00",11848,,1539
"2022-07-27 00:00:00",11092,,7331
"2022-07-28 00:00:00",12831,,8189
"2022-07-29 00:00:00",11833,,19746
"2022-07-30 00:00:00",11529,,2114
"2022-07-31 00:00:00",11287,,5538
"2022-08-01 00:00:00",9855,,5093
"2022-08-02 00:00:00",9102,,6091
"2022-08-03 00:00:00",9282,,7008
"2022-08-04 00:00:00",11295,,1506
"2022-08-05 00:00:00",10509,,1205
"2022-08-06 00:00:00",10751,,1220
"2022-08-07 00:00:00",10204,,1636
"2022-08-08 00:00:00",9039,,4945
"2022-08-09 00:00:00",8948,,1435
"2022-08-10 00:00:00",8418,,7708
"2022-08-11 00:00:00",10992,,5368
"2022-08-12 00:00:00",9910,,3204
"2022-08-13 00:00:00",9877,,1053
"2022-08-14 00:00:00",9835,,7870
"2022-08-15 00:00:00",8972,,6612
"2022-08-16 00:00:00",8397,,1278
"2022-08-17 00:00:00",8545,,659
"2022-08-18 00:00:00",12398,,1395
"2022-08-19 00:00:00",11529,,2687
"2022-08-20 00:00:00",11512,,1257
"2022-08-21 00:00:00",11138,,1344
"2022-08-22 00:00:00",9177,,679
"2022-08-23 00:00:00",9044,,2816
"2022-08-24 00:00:00",8964,,5904
"2022-08-25 00:00:00",11417,,1092
"2022-08-26 00:00:00",10327,,1368
"2022-08-27 00:00:00",10301,,1148
"2022-08-28 00:00:00",10107,,2186
"2022-08-29 00:00:00",9043,,2058
"2022-08-30 00:00:00",8772,,884
"2022-08-31 00:00:00",8921,,853
"2022-09-01 00:00:00",11151,,956
"2022-09-02 00:00:00",10475,,1183
"2022-09-03 00:00:00",13435,,7446
"2022-09-04 00:00:00",14102,,2233
"2022-09-05 00:00:00",13277,,2047
"2022-09-06 00:00:00",12874,,997
"2022-09-07 00:00:00",13449,,1416
"2022-09-08 00:00:00",16337,,1442
"2022-09-09 00:00:00",15545,,1255
"2022-09-10 00:00:00",16490,,1047
"2022-09-11 00:00:00",16877,,7355
"2022-09-12 00:00:00",13873,,1671
"2022-09-13 00:00:00",14137,,1086
"2022-09-14 00:00:00",13230,,12099
"2022-09-15 00:00:00",17059,,9065
"2022-09-16 00:00:00",15798,,5526
"2022-09-17 00:00:00",16269,,5186
"2022-09-18 00:00:00",15105,,7219
"2022-09-19 00:00:00",11630,,965
"2022-09-20 00:00:00",10871,,727
"2022-09-21 00:00:00",10855,,1240
"2022-09-22 00:00:00",14613,,5903
"2022-09-23 00:00:00",13722,8288,4099
"2022-09-24 00:00:00",14255,9391,3843
"2022-09-25 00:00:00",13177,8753,3151
"2022-09-26 00:00:00",10039,6257,6247
"2022-09-27 00:00:00",9832,6012,6258
"2022-09-28 00:00:00",10084,6081,1957
"2022-09-29 00:00:00",13529,6919,1302
"2022-09-30 00:00:00",12874,7869,950
"2022-10-01 00:00:00",12703,8914,2731
"2022-10-02 00:00:00",12178,8525,1100
"2022-10-03 00:00:00",9941,6767,610
"2022-10-04 00:00:00",9188,6184,1130
"2022-10-05 00:00:00",9101,6126,32401
"2022-10-06 00:00:00",12173,6889,2237
"2022-10-07 00:00:00",11294,7608,1276
"2022-10-08 00:00:00",11499,7869,1375
"2022-10-09 00:00:00",11527,7621,1142
"2022-10-10 00:00:00",8721,5905,616
"2022-10-11 00:00:00",8322,5253,1030
"2022-10-12 00:00:00",8597,5491,1509
"2022-10-13 00:00:00",14429,7315,2475
"2022-10-14 00:00:00",15789,9828,3541
"2022-10-15 00:00:00",17823,12153,1002
"2022-10-16 00:00:00",17697,12102,2140
"2022-10-17 00:00:00",14210,8863,5598
"2022-10-18 00:00:00",13793,8488,3225
"2022-10-19 00:00:00",13508,8390,8394
"2022-10-20 00:00:00",16596,9200,3639
"2022-10-21 00:00:00",16328,10087,5290
"2022-10-22 00:00:00",17321,11657,1439
"2022-10-23 00:00:00",16481,11248,1093
"2022-10-24 00:00:00",13200,8272,2891
"2022-10-25 00:00:00",12614,7958,7316
"2022-10-26 00:00:00",12970,8054,730
"2022-10-27 00:00:00",15712,8798,1591
"2022-10-28 00:00:00",14611,9103,942
"2022-10-29 00:00:00",14531,9818,11903
"2022-10-30 00:00:00",13190,9321,1119
"2022-10-31 00:00:00",10537,6853,995
"2022-11-01 00:00:00",10655,6657,1040
"2022-11-02 00:00:00",9569,6255,2098
"2022-11-03 00:00:00",12778,7197,2269
"2022-11-04 00:00:00",12256,8035,1636
"2022-11-05 00:00:00",13264,9209,1156
"2022-11-06 00:00:00",12516,8768,1117
"2022-11-07 00:00:00",8665,6089,1143
"2022-11-08 00:00:00",8626,5691,4565
"2022-11-09 00:00:00",8734,5775,1319
"2022-11-10 00:00:00",12886,7233,2060
"2022-11-11 00:00:00",12966,8641,1491
"2022-11-12 00:00:00",13686,9873,2086
"2022-11-13 00:00:00",14615,10340,1347
"2022-11-14 00:00:00",10688,7268,941
"2022-11-15 00:00:00",10137,6864,6229
"2022-11-16 00:00:00",9788,6464,5384
"2022-11-17 00:00:00",11049,6598,1530
"2022-11-18 00:00:00",10732,7074,2125
"2022-11-19 00:00:00",11264,7969,5395
"2022-11-20 00:00:00",10129,7427,1137
"2022-11-21 00:00:00",7048,5127,1410
"2022-11-22 00:00:00",7075,4985,983
"2022-11-23 00:00:00",7273,5198,1552
"2022-11-24 00:00:00",11109,6730,2052
"2022-11-25 00:00:00",11353,7864,6078
"2022-11-26 00:00:00",12741,9241,5206
"2022-11-27 00:00:00",13088,9169,7265
"2022-11-28 00:00:00",9603,6888,787
"2022-11-29 00:00:00",10202,6949,925
"2022-11-30 00:00:00",10997,7363,1419
"2022-12-01 00:00:00",12497,7825,1790
"2022-12-02 00:00:00",13102,8571,3055
"2022-12-03 00:00:00",13582,9620,1250
"2022-12-04 00:00:00",12574,8888,845
"2022-12-05 00:00:00",9044,6320,1484
"2022-12-06 00:00:00",11570,7008,7012
"2022-12-07 00:00:00",9740,6459,1563
"2022-12-08 00:00:00",13432,7896,4639
"2022-12-09 00:00:00",13126,8763,1101
"2022-12-10 00:00:00",14464,10085,2660
"2022-12-11 00:00:00",14209,10177,1024
"2022-12-12 00:00:00",10640,7615,5448
"2022-12-13 00:00:00",10073,7159,1410
"2022-12-14 00:00:00",9666,6747,1415
"2022-12-15 00:00:00",11370,7286,1266
"2022-12-16 00:00:00",11106,7875,2315
"2022-12-17 00:00:00",12215,8713,7437
"2022-12-18 00:00:00",11574,8066,1107
"2022-12-19 00:00:00",8447,6369,1521
"2022-12-20 00:00:00",8714,6368,62893
"2022-12-21 00:00:00",9024,6684,8003
"2022-12-22 00:00:00",11657,7723,7261
"2022-12-23 00:00:00",12418,9082,2029
"2022-12-24 00:00:00",13707,9924,1350
"2022-12-25 00:00:00",14487,11159,2902
"2022-12-26 00:00:00",15317,11496,1592
"2022-12-27 00:00:00",15154,11365,2298
"2022-12-28 00:00:00",14641,10955,1730
"2022-12-29 00:00:00",16605,11516,1349
"2022-12-30 00:00:00",16291,11945,6363
"2022-12-31 00:00:00",16209,11645,985
"2023-01-01 00:00:00",15048,11438,8329
"2023-01-02 00:00:00",14091,10825,2625
"2023-01-03 00:00:00",12929,9601,1379
"2023-01-04 00:00:00",13364,9518,2763
"2023-01-05 00:00:00",15427,10211,6467
"2023-01-06 00:00:00",15571,11071,2134
"2023-01-07 00:00:00",15642,11579,2865
"2023-01-08 00:00:00",15614,11089,1205
"2023-01-09 00:00:00",10496,7941,1795
"2023-01-10 00:00:00",10247,7497,2977
"2023-01-11 00:00:00",10573,7469,1717
"2023-01-12 00:00:00",12192,7988,5148
"2023-01-13 00:00:00",12166,8752,9383
"2023-01-14 00:00:00",13498,10087,1774
"2023-01-15 00:00:00",14528,10487,1982
"2023-01-16 00:00:00",11143,8496,1840
"2023-01-17 00:00:00",10764,8041,1397
"2023-01-18 00:00:00",11198,8155,2071
"2023-01-19 00:00:00",13095,8842,1219
"2023-01-20 00:00:00",12894,9512,2252
"2023-01-21 00:00:00",14864,10981,2276
"2023-01-22 00:00:00",14760,10887,1173
"2023-01-23 00:00:00",11069,8518,676
"2023-01-24 00:00:00",11048,8418,1521
"2023-01-25 00:00:00",11411,8440,960
"2023-01-26 00:00:00",13314,9038,46746
"2023-01-27 00:00:00",13396,9859,49360
"2023-01-28 00:00:00",15366,11170,911
"2023-01-29 00:00:00",15264,10755,1357
"2023-01-30 00:00:00",10708,7943,9470
"2023-01-31 00:00:00",10485,7297,10058
"2023-02-01 00:00:00",10213,7036,2492
"2023-02-02 00:00:00",14362,8480,3762
"2023-02-03 00:00:00",13332,9493,3596
"2023-02-04 00:00:00",14750,10726,2735
"2023-02-05 00:00:00",14218,10263,2838
"2023-02-06 00:00:00",9974,7277,2830
"2023-02-07 00:00:00",9860,6860,5837
"2023-02-08 00:00:00",9738,6710,2151
"2023-02-09 00:00:00",12614,7687,6831
"2023-02-10 00:00:00",12205,8328,6645
"2023-02-11 00:00:00",13275,9530,1184
"2023-02-12 00:00:00",12613,9092,978
"2023-02-13 00:00:00",9354,6498,1698
"2023-02-14 00:00:00",8779,6030,812
"2023-02-15 00:00:00",9058,6074,867
"2023-02-16 00:00:00",11249,6814,5779
"2023-02-17 00:00:00",11571,7638,930
"2023-02-18 00:00:00",12354,8745,1083
"2023-02-19 00:00:00",11837,8436,788
"2023-02-20 00:00:00",8952,6404,875
"2023-02-21 00:00:00",8711,5966,852
"2023-02-22 00:00:00",8795,5999,1814
"2023-02-23 00:00:00",11374,6877,7602
"2023-02-24 00:00:00",11159,7487,10344
"2023-02-25 00:00:00",12143,8636,9104
"2023-02-26 00:00:00",11582,8252,1275
"2023-02-27 00:00:00",8468,5874,1096
"2023-02-28 00:00:00",8323,5526,1419
"2023-03-01 00:00:00",7930,5338,895
"2023-03-02 00:00:00",10738,6311,2639
"2023-03-03 00:00:00",10763,7099,883
"2023-03-04 00:00:00",11957,8392,2120
"2023-03-05 00:00:00",11368,7994,7033
"2023-03-06 00:00:00",8171,5469,1048
"2023-03-07 00:00:00",7988,5336,2361
"2023-03-08 00:00:00",8376,5366,971
"2023-03-09 00:00:00",9955,5936,1821
"2023-03-10 00:00:00",10118,6723,622
"2023-03-11 00:00:00",11173,8005,2255
"2023-03-12 00:00:00",10865,7708,985
"2023-03-13 00:00:00",7595,5299,982
"2023-03-14 00:00:00",7589,5151,1087
"2023-03-15 00:00:00",8104,5272,3805
"2023-03-16 00:00:00",9628,5799,1234
"2023-03-17 00:00:00",12860,8010,1463
"2023-03-18 00:00:00",15968,10902,3347
"2023-03-19 00:00:00",17174,11375,3630
"2023-03-20 00:00:00",14015,8487,727
"2023-03-21 00:00:00",14275,8422,680
"2023-03-22 00:00:00",14188,8550,913
"2023-03-23 00:00:00",15929,9303,1618
"2023-03-24 00:00:00",16725,10270,4698
"2023-03-25 00:00:00",18528,12315,1111
"2023-03-26 00:00:00",18602,12159,1201
"2023-03-27 00:00:00",15021,8866,2059
"2023-03-28 00:00:00",15159,8786,1301
"2023-03-29 00:00:00",16427,10411,6867
"2023-03-30 00:00:00",23442,14044,9983
"2023-03-31 00:00:00",24668,15236,4516
"2023-04-01 00:00:00",26403,17831,3289
"2023-04-02 00:00:00",25650,17259,2483
"2023-04-03 00:00:00",19920,12771,4091
"2023-04-04 00:00:00",20515,12776,1812
"2023-04-05 00:00:00",19811,13474,1005
"2023-04-06 00:00:00",22599,13410,4903
"2023-04-07 00:00:00",23640,14793,1063
"2023-04-08 00:00:00",21780,14676,1417
"2023-04-09 00:00:00",19344,13622,1484
"2023-04-10 00:00:00",17555,10756,759
"2023-04-11 00:00:00",15268,9306,3302
"2023-04-12 00:00:00",14388,8758,7525
"2023-04-13 00:00:00",16875,9307,2610
"2023-04-14 00:00:00",16711,10302,1329
"2023-04-15 00:00:00",17316,11659,1309
"2023-04-16 00:00:00",15876,10948,1156
"2023-04-17 00:00:00",12240,7673,1307
"2023-04-18 00:00:00",11792,7369,2514
"2023-04-19 00:00:00",11747,7232,5052
"2023-04-20 00:00:00",14475,8113,1241
"2023-04-21 00:00:00",14381,9082,3103
"2023-04-22 00:00:00",14799,10511,2121
"2023-04-23 00:00:00",14927,9833,2126
"2023-04-24 00:00:00",11928,7402,1023
"2023-04-25 00:00:00",11890,7133,780
"2023-04-26 00:00:00",10996,6793,1255
"2023-04-27 00:00:00",16876,8484,1643
"2023-04-28 00:00:00",15133,9628,1614
"2023-04-29 00:00:00",14751,10648,1678
"2023-04-30 00:00:00",14088,10256,1159
"2023-05-01 00:00:00",13047,8910,617
"2023-05-02 00:00:00",10606,7377,2784
"2023-05-03 00:00:00",11007,7294,843
"2023-05-04 00:00:00",15431,8098,1427
"2023-05-05 00:00:00",14102,8972,0
"2023-05-06 00:00:00",15155,9836,1146
"2023-05-07 00:00:00",14180,9804,1062
"2023-05-08 00:00:00",11592,7152,1335
"2023-05-09 00:00:00",12882,7587,847
"2023-05-10 00:00:00",14578,8680,3361
"2023-05-11 00:00:00",20393,10567,1401
"2023-05-12 00:00:00",20155,12077,788
"2023-05-13 00:00:00",20692,13992,1179
"2023-05-14 00:00:00",20783,13988,4679
"2023-05-15 00:00:00",17479,10438,1269
"2023-05-16 00:00:00",16789,9963,2386
"2023-05-17 00:00:00",16004,9636,5096
"2023-05-18 00:00:00",19843,10736,7109
"2023-05-19 00:00:00",18000,11174,1361
"2023-05-20 00:00:00",17249,11940,2643
"2023-05-21 00:00:00",16275,11188,5974
"2023-05-22 00:00:00",13054,8160,23537
"2023-05-23 00:00:00",13087,7699,10007
"2023-05-24 00:00:00",12703,7685,6262
"2023-05-25 00:00:00",17031,9064,1652
"2023-05-26 00:00:00",15892,9846,1663
"2023-05-27 00:00:00",15716,10890,1175
"2023-05-28 00:00:00",14766,10513,1107
"2023-05-29 00:00:00",13893,8698,888
"2023-05-30 00:00:00",11820,7454,1034
"2023-05-31 00:00:00",12041,7424,2001
"2023-06-01 00:00:00",14642,8207,2215
"2023-06-02 00:00:00",14456,8995,1229
"2023-06-03 00:00:00",14200,10004,1269
"2023-06-04 00:00:00",13637,9610,1300
"2023-06-05 00:00:00",11530,7308,887
"2023-06-06 00:00:00",10936,7026,7146
"2023-06-07 00:00:00",11213,7034,744
"2023-06-08 00:00:00",14337,8054,2883
"2023-06-09 00:00:00",13102,8317,984
"2023-06-10 00:00:00",13201,8988,1192
"2023-06-11 00:00:00",12456,8728,2079
"2023-06-12 00:00:00",10568,6847,2540
"2023-06-13 00:00:00",10048,6462,5468
"2023-06-14 00:00:00",10102,6466,5902
"2023-06-15 00:00:00",13209,7291,6819
"2023-06-16 00:00:00",15273,9404,886
"2023-06-17 00:00:00",18960,12495,2034
"2023-06-18 00:00:00",20573,13638,991
"2023-06-19 00:00:00",18927,11479,2049
"2023-06-20 00:00:00",19369,11455,1751
"2023-06-21 00:00:00",20489,12392,1348
"2023-06-22 00:00:00",26582,15698,3750
"2023-06-23 00:00:00",26481,17468,3940
"2023-06-24 00:00:00",26629,17841,6038
"2023-06-25 00:00:00",27358,17541,2350
"2023-06-26 00:00:00",24824,15334,1860
"2023-06-27 00:00:00",25116,15468,3911
"2023-06-28 00:00:00",24409,15356,8547
"2023-06-29 00:00:00",27010,16319,2377
"2023-06-30 00:00:00",26982,16792,3114
"2023-07-01 00:00:00",27690,18381,1018
"2023-07-02 00:00:00",27686,18751,1377
"2023-07-03 00:00:00",25453,15866,2679
"2023-07-04 00:00:00",24807,15698,1771
"2023-07-05 00:00:00",24122,15012,1238
"2023-07-06 00:00:00",26293,15766,2306
"2023-07-07 00:00:00",25422,16061,2761
"2023-07-08 00:00:00",25406,17352,3572
"2023-07-09 00:00:00",25752,17686,36573
"2023-07-10 00:00:00",23001,14764,1371
"2023-07-11 00:00:00",22489,14259,765
"2023-07-12 00:00:00",22471,14331,981
"2023-07-13 00:00:00",26211,15426,2085
"2023-07-14 00:00:00",24102,15491,5787
"2023-07-15 00:00:00",23817,16002,2534
"2023-07-16 00:00:00",22769,15738,1430
"2023-07-17 00:00:00",19626,12822,2966
"2023-07-18 00:00:00",19338,11907,2809
"2023-07-19 00:00:00",17881,11501,1825
"2023-07-20 00:00:00",22761,12975,2886
"2023-07-21 00:00:00",21212,13593,862
"2023-07-22 00:00:00",20356,14137,3141
"2023-07-23 00:00:00",19849,13931,1774
"2023-07-24 00:00:00",17686,11481,1444
"2023-07-25 00:00:00",17075,11114,2175
"2023-07-26 00:00:00",17014,10997,1554
"2023-07-27 00:00:00",20214,11771,1817
"2023-07-28 00:00:00",18543,12085,1703
"2023-07-29 00:00:00",18037,12444,3367
"2023-07-30 00:00:00",17522,12312,3107
"2023-07-31 00:00:00",15275,10225,2565
"2023-08-01 00:00:00",15353,9885,1662
"2023-08-02 00:00:00",14783,9672,2898
"2023-08-03 00:00:00",19027,10821,2635
"2023-08-04 00:00:00",16944,11080,2816
"2023-08-05 00:00:00",16594,11423,1057
"2023-08-06 00:00:00",16957,11496,1834
"2023-08-07 00:00:00",14456,9506,592
"2023-08-08 00:00:00",13679,9044,562
"2023-08-09 00:00:00",13550,8851,1774
"2023-08-10 00:00:00",16587,9684,1322
"2023-08-11 00:00:00",15346,10145,6931
"2023-08-12 00:00:00",15937,10906,2099
"2023-08-13 00:00:00",15602,10860,1217
"2023-08-14 00:00:00",13338,9075,1053
"2023-08-15 00:00:00",13414,8813,2306
"2023-08-16 00:00:00",13825,9012,1812
"2023-08-17 00:00:00",18484,10576,2253
"2023-08-18 00:00:00",25372,15875,3566
"2023-08-19 00:00:00",32818,22496,847
"2023-08-20 00:00:00",35174,24130,2369
"2023-08-21 00:00:00",30265,18892,1802
"2023-08-22 00:00:00",21038,13423,2726
"2023-08-23 00:00:00",22023,13768,2538
"2023-08-24 00:00:00",25653,14932,1463
"2023-08-25 00:00:00",24531,15647,6219
"2023-08-26 00:00:00",25152,16943,888
"2023-08-27 00:00:00",25727,17434,940
"2023-08-28 00:00:00",22869,14314,3051
"2023-08-29 00:00:00",23018,14076,1070
"2023-08-30 00:00:00",22514,13982,2354
"2023-08-31 00:00:00",25709,14830,1256
"2023-09-01 00:00:00",24278,14842,796
"2023-09-02 00:00:00",22924,15429,1128
"2023-09-03 00:00:00",21621,14610,6684
"2023-09-04 00:00:00",18393,11419,1308
"2023-09-05 00:00:00",16656,9935,2409
"2023-09-06 00:00:00",16162,9405,6612
"2023-09-07 00:00:00",18916,10211,1777
"2023-09-08 00:00:00",18744,11252,1751
"2023-09-09 00:00:00",19486,12958,1807
"2023-09-10 00:00:00",19020,12554,2996
"2023-09-11 00:00:00",14957,8845,1951
"2023-09-12 00:00:00",14472,8134,966
"2023-09-13 00:00:00",13935,8125,3293
"2023-09-14 00:00:00",20315,9918,2256
"2023-09-15 00:00:00",19745,11543,805
"2023-09-16 00:00:00",19306,13354,3235
"2023-09-17 00:00:00",19419,12903,2052
"2023-09-18 00:00:00",15646,9149,1222
"2023-09-19 00:00:00",15055,8715,2993
"2023-09-20 00:00:00",14975,8591,1555
"2023-09-21 00:00:00",19361,9797,2566
"2023-09-22 00:00:00",18693,10987,740
"2023-09-23 00:00:00",19210,12710,9220
"2023-09-24 00:00:00",17985,11949,6509
"2023-09-25 00:00:00",13738,8278,5736
"2023-09-26 00:00:00",13633,7826,530
"2023-09-27 00:00:00",13468,7910,2400
"2023-09-28 00:00:00",17602,9290,2177
"2023-09-29 00:00:00",15807,10708,1082
"2023-09-30 00:00:00",16211,11519,7578
"2023-10-01 00:00:00",15900,11015,768
"2023-10-02 00:00:00",12455,8546,5566
"2023-10-03 00:00:00",12427,8180,3005
"2023-10-04 00:00:00",12630,8047,4725
"2023-10-05 00:00:00",16503,9121,4965
"2023-10-06 00:00:00",15493,9948,1218
"2023-10-07 00:00:00",16743,10702,1188
"2023-10-08 00:00:00",16506,10294,846
"2023-10-09 00:00:00",12821,8014,2856
"2023-10-10 00:00:00",12195,7095,1123
"2023-10-11 00:00:00",12026,7072,5741
"2023-10-12 00:00:00",17315,8716,1443
"2023-10-13 00:00:00",16306,9846,1973
"2023-10-14 00:00:00",17995,11435,2518
"2023-10-15 00:00:00",16335,10827,18708
"2023-10-16 00:00:00",12362,7521,1739
"2023-10-17 00:00:00",12042,7261,1602
"2023-10-18 00:00:00",12537,7345,1410
"2023-10-19 00:00:00",15024,8237,1709
"2023-10-20 00:00:00",15522,9220,1156
"2023-10-21 00:00:00",16338,10717,1299
"2023-10-22 00:00:00",15461,10096,875
"2023-10-23 00:00:00",11792,7174,1422
"2023-10-24 00:00:00",11515,6883,2404
"2023-10-25 00:00:00",11760,6948,2852
"2023-10-26 00:00:00",14280,7728,1187
"2023-10-27 00:00:00",14571,8637,1246
"2023-10-28 00:00:00",14636,9830,1285
"2023-10-29 00:00:00",14274,9481,1136
"2023-10-30 00:00:00",10702,6902,1094
"2023-10-31 00:00:00",10646,6661,381
"2023-11-01 00:00:00",11530,7012,1172
"2023-11-02 00:00:00",13223,7610,8705
"2023-11-03 00:00:00",12597,8027,884
"2023-11-04 00:00:00",13148,8935,3236
"2023-11-05 00:00:00",12959,8565,15689
"2023-11-06 00:00:00",9309,6012,742
"2023-11-07 00:00:00",9308,5790,966
"2023-11-08 00:00:00",9037,5800,437
"2023-11-09 00:00:00",12451,6955,1474
"2023-11-10 00:00:00",12792,8228,8420
"2023-11-11 00:00:00",14017,9337,8605
"2023-11-12 00:00:00",13146,8958,9228
"2023-11-13 00:00:00",9467,6296,2592
"2023-11-14 00:00:00",9450,6112,2037
"2023-11-15 00:00:00",9736,6146,2372
"2023-11-16 00:00:00",11550,6893,1273
"2023-11-17 00:00:00",12214,7764,2022
"2023-11-18 00:00:00",13462,9095,1134
"2023-11-19 00:00:00",12536,8522,4108
"2023-11-20 00:00:00",9275,6096,1392
"2023-11-21 00:00:00",9174,5995,4859
"2023-11-22 00:00:00",15541,8604,1149
"2023-11-23 00:00:00",20596,11626,5631
"2023-11-24 00:00:00",22214,13380,1319
"2023-11-25 00:00:00",24456,16069,1304
"2023-11-26 00:00:00",24994,16006,2633
"2023-11-27 00:00:00",20930,12022,2725
"2023-11-28 00:00:00",21039,11960,359
"2023-11-29 00:00:00",20911,11826,2583
"2023-11-30 00:00:00",20920,11638,1870
"2023-12-01 00:00:00",21098,12309,1205
"2023-12-02 00:00:00",21786,14230,794
"2023-12-03 00:00:00",20523,13152,637
"2023-12-04 00:00:00",14985,8934,553
"2023-12-05 00:00:00",14958,8592,10199
"2023-12-06 00:00:00",14731,8516,5381
"2023-12-07 00:00:00",17665,9729,1347
"2023-12-08 00:00:00",19568,11384,995
"2023-12-09 00:00:00",20267,13023,879
"2023-12-10 00:00:00",8269,12755,335
"2023-12-10 01:00:00",8301,12683,295
"2023-12-10 02:00:00",9486,12595,394
"2023-12-10 03:00:00",9860,12466,464
"2023-12-10 04:00:00",10636,12323,460
"2023-12-10 05:00:00",10944,12173,363
"2023-12-10 06:00:00",11232,12006,319
"2023-12-10 07:00:00",11820,11795,290
"2023-12-10 08:00:00",12733,11569,185
"2023-12-10 09:00:00",13333,11346,174
"2023-12-10 10:00:00",14462,11122,286
"2023-12-10 11:00:00",15998,10897,287
"2023-12-10 12:00:00",17873,10675,294
"2023-12-10 13:00:00",18961,10446,251
"2023-12-10 14:00:00",19047,10249,244
"2023-12-10 15:00:00",17935,10061,320
"2023-12-10 16:00:00",15905,9902,442
"2023-12-10 17:00:00",14136,9750,257
"2023-12-10 18:00:00",13410,9633,1654
"2023-12-10 19:00:00",12761,9534,567
"2023-12-10 20:00:00",12085,9449,694
"2023-12-10 21:00:00",10529,9373,665
"2023-12-10 22:00:00",8904,9306,1515
"2023-12-10 23:00:00",7497,9244,691
"2023-12-11 00:00:00",6681,9195,354
"2023-12-11 01:00:00",6312,9153,501
"2023-12-11 02:00:00",6464,9123,577
"2023-12-11 03:00:00",6497,9102,552
"2023-12-11 04:00:00",7054,9081,315
"2023-12-11 05:00:00",6948,9058,192
"2023-12-11 06:00:00",6124,9038,131
"2023-12-11 07:00:00",6330,9022,132
"2023-12-11 08:00:00",7251,9000,159
"2023-12-11 09:00:00",7808,8976,128
"2023-12-11 10:00:00",8833,8956,128
"2023-12-11 11:00:00",10352,8927,121
"2023-12-11 12:00:00",12031,8902,93
"2023-12-11 13:00:00",13874,8877,85
"2023-12-11 14:00:00",14192,8848,109
"2023-12-11 15:00:00",13827,8833,184
"2023-12-11 16:00:00",12024,8822,208
"2023-12-11 17:00:00",11137,8810,2921
"2023-12-11 18:00:00",10867,8796,220
"2023-12-11 19:00:00",10574,8790,333
"2023-12-11 20:00:00",10160,8780,321
"2023-12-11 21:00:00",8890,8777,313
"2023-12-11 22:00:00",7402,8770,316
"2023-12-11 23:00:00",6208,8761,310
"2023-12-12 00:00:00",5590,8757,257
"2023-12-12 01:00:00",5558,8754,230
"2023-12-12 02:00:00",5960,8760,219
"2023-12-12 03:00:00",5982,8764,408
"2023-12-12 04:00:00",6550,8768,387
"2023-12-12 05:00:00",6550,8776,307
"2023-12-12 06:00:00",5872,8785,218
"2023-12-12 07:00:00",5931,8792,171
"2023-12-12 08:00:00",6839,8799,246
"2023-12-12 09:00:00",7492,8803,181
"2023-12-12 10:00:00",8318,8813,151
"2023-12-12 11:00:00",9962,8827,89
"2023-12-12 12:00:00",11603,8845,145
"2023-12-12 13:00:00",13371,8865,156
"2023-12-12 14:00:00",13979,8882,174
"2023-12-12 15:00:00",13746,8900,423
"2023-12-12 16:00:00",11855,8910,491
"2023-12-12 17:00:00",10911,8927,203
"2023-12-12 18:00:00",10825,8930,312
"2023-12-12 19:00:00",10438,8925,293
"2023-12-12 20:00:00",10165,8931,363
"2023-12-12 21:00:00",8804,8923,344
"2023-12-12 22:00:00",7226,8930,261
"2023-12-12 23:00:00",6190,8933,257
"2023-12-13 00:00:00",5535,8939,345
"2023-12-13 01:00:00",5760,8948,395
"2023-12-13 02:00:00",6086,8950,335
"2023-12-13 03:00:00",6112,8955,230
"2023-12-13 04:00:00",6793,8965,209
"2023-12-13 05:00:00",6779,8967,209
"2023-12-13 06:00:00",6093,8972,144
"2023-12-13 07:00:00",6146,8977,146
"2023-12-13 08:00:00",6971,8981,136
"2023-12-13 09:00:00",7788,8987,111
"2023-12-13 10:00:00",8717,8997,113
"2023-12-13 11:00:00",10471,9006,153
"2023-12-13 12:00:00",12163,9000,93
"2023-12-13 13:00:00",13847,9003,810
"2023-12-13 14:00:00",14467,9002,827
"2023-12-13 15:00:00",14022,9068,171
"2023-12-13 16:00:00",12333,9155,178
"2023-12-13 17:00:00",11001,9262,229
"2023-12-13 18:00:00",10721,9356,225
"2023-12-13 19:00:00",10597,9427,257
"2023-12-13 20:00:00",9968,9448,279
"2023-12-13 21:00:00",9020,9482,274
"2023-12-13 22:00:00",7324,9504,255
"2023-12-13 23:00:00",6344,9533,244
"2023-12-14 00:00:00",5759,9548,300
"2023-12-14 01:00:00",5820,9564,283
"2023-12-14 02:00:00",6218,9593,182
"2023-12-14 03:00:00",6338,9627,192
"2023-12-14 04:00:00",6850,9662,217
"2023-12-14 05:00:00",6889,9702,200
"2023-12-14 06:00:00",6194,9741,155
"2023-12-14 07:00:00",6254,9791,134
"2023-12-14 08:00:00",7120,9846,106
"2023-12-14 09:00:00",7989,9900,127
"2023-12-14 10:00:00",8923,9950,146
"2023-12-14 11:00:00",10226,10013,126
"2023-12-14 12:00:00",12187,10096,177
"2023-12-14 13:00:00",13783,10187,181
"2023-12-14 14:00:00",16208,10287,402
"2023-12-14 15:00:00",16348,10331,541
"2023-12-14 16:00:00",15246,10362,616
"2023-12-14 17:00:00",13611,10378,1282
"2023-12-14 18:00:00",12659,10385,2132
"2023-12-14 19:00:00",11213,10371,2055
"2023-12-14 20:00:00",10900,10388,483
"2023-12-14 21:00:00",9637,10393,431
"2023-12-14 22:00:00",8107,10431,340
"2023-12-14 23:00:00",6754,10489,299
"2023-12-15 00:00:00",6218,10545,328
"2023-12-15 01:00:00",6629,10587,470
"2023-12-15 02:00:00",7147,10620,490
"2023-12-15 03:00:00",7337,10669,380
"2023-12-15 04:00:00",7962,10742,333
"2023-12-15 05:00:00",7999,10831,302
"2023-12-15 06:00:00",7602,10935,228
"2023-12-15 07:00:00",7811,11062,181
"2023-12-15 08:00:00",8626,11196,165
"2023-12-15 09:00:00",9408,11337,180
"2023-12-15 10:00:00",10769,11492,189
"2023-12-15 11:00:00",12616,11649,171
"2023-12-15 12:00:00",14787,11807,299
"2023-12-15 13:00:00",16372,11957,209
"2023-12-15 14:00:00",17075,12083,201
"2023-12-15 15:00:00",16775,12198,409
"2023-12-15 16:00:00",15250,12310,511
"2023-12-15 17:00:00",13509,12425,524
"2023-12-15 18:00:00",12189,12534,574
"2023-12-15 19:00:00",11555,12643,412
"2023-12-15 20:00:00",10963,12745,464
"2023-12-15 21:00:00",10620,12845,492
"2023-12-15 22:00:00",9733,12943,395
"2023-12-15 23:00:00",8292,13027,280
"2023-12-16 00:00:00",7322,13108,296
"2023-12-16 01:00:00",7440,13172,278
"2023-12-16 02:00:00",8401,13233,253
"2023-12-16 03:00:00",9242,13310,363
"2023-12-16 04:00:00",10358,13388,297
"2023-12-16 05:00:00",10777,13458,283
"2023-12-16 06:00:00",10994,13537,239
"2023-12-16 07:00:00",11447,13615,216
"2023-12-16 08:00:00",12487,13699,162
"2023-12-16 09:00:00",13579,13784,155
"2023-12-16 10:00:00",14906,13861,141
"2023-12-16 11:00:00",16738,13935,186
"2023-12-16 12:00:00",18663,14004,192
"2023-12-16 13:00:00",19968,14075,196
"2023-12-16 14:00:00",20442,14134,289
"2023-12-16 15:00:00",20134,14176,714
"2023-12-16 16:00:00",18760,14200,442
"2023-12-16 17:00:00",16919,14203,548
"2023-12-16 18:00:00",15453,14208,452
"2023-12-16 19:00:00",14653,14235,672
"2023-12-16 20:00:00",13831,14267,479
"2023-12-16 21:00:00",13243,14307,2442
"2023-12-16 22:00:00",11985,14307,2189
"2023-12-16 23:00:00",10549,14282,529
"2023-12-17 00:00:00",9154,14243,297
"2023-12-17 01:00:00",9083,14215,329
"2023-12-17 02:00:00",10344,14184,345
"2023-12-17 03:00:00",11124,14123,425
"2023-12-17 04:00:00",11872,14038,331
"2023-12-17 05:00:00",12396,13950,238
"2023-12-17 06:00:00",12530,13841,231
"2023-12-17 07:00:00",13116,13700,215
"2023-12-17 08:00:00",14050,13543,177
"2023-12-17 09:00:00",14926,13389,173
"2023-12-17 10:00:00",16158,13241,181
"2023-12-17 11:00:00",17896,13095,170
"2023-12-17 12:00:00",19962,12951,147
"2023-12-17 13:00:00",20935,12805,171
"2023-12-17 14:00:00",20887,12691,226
"2023-12-17 15:00:00",19954,12580,262
"2023-12-17 16:00:00",17958,12481,296
"2023-12-17 17:00:00",16222,12383,317
"2023-12-17 18:00:00",15467,12313,296
"2023-12-17 19:00:00",14867,12259,473
"2023-12-17 20:00:00",14345,12220,511
"2023-12-17 21:00:00",12643,12177,537
"2023-12-17 22:00:00",10595,12136,374
"2023-12-17 23:00:00",8815,12097,481
"2023-12-18 00:00:00",7808,12067,458
"2023-12-18 01:00:00",7572,12040,413
"2023-12-18 02:00:00",7875,12011,275
"2023-12-18 03:00:00",7996,11980,595
"2023-12-18 04:00:00",8607,11944,244
"2023-12-18 05:00:00",8482,11904,214
"2023-12-18 06:00:00",7570,11854,187
"2023-12-18 07:00:00",7643,11796,139
"2023-12-18 08:00:00",8689,11741,114
"2023-12-18 09:00:00",9786,11694,84
"2023-12-18 10:00:00",11077,11642,98
"2023-12-18 11:00:00",12820,11592,104
"2023-12-18 12:00:00",14924,11546,123
"2023-12-18 13:00:00",17037,11516,217
"2023-12-18 14:00:00",17301,11492,137
"2023-12-18 15:00:00",16953,11471,158
"2023-12-18 16:00:00",14924,11449,326
"2023-12-18 17:00:00",13842,11425,261
"2023-12-18 18:00:00",13520,11408,247
"2023-12-18 19:00:00",13296,11399,985
"2023-12-18 20:00:00",13037,11387,979
"2023-12-18 21:00:00",11653,11376,476
"2023-12-18 22:00:00",9813,11373,302
"2023-12-18 23:00:00",8161,11372,318
"2023-12-19 00:00:00",7346,11376,276
"2023-12-19 01:00:00",7365,11375,308
"2023-12-19 02:00:00",7850,11377,309
"2023-12-19 03:00:00",7882,11373,247
"2023-12-19 04:00:00",8622,11371,253
"2023-12-19 05:00:00",8549,11373,235
"2023-12-19 06:00:00",7597,11376,204
"2023-12-19 07:00:00",7756,11385,182
"2023-12-19 08:00:00",8990,11395,172
"2023-12-19 09:00:00",9901,11394,151
"2023-12-19 10:00:00",11309,11401,146
"2023-12-19 11:00:00",13152,11407,133
"2023-12-19 12:00:00",15406,11421,113
"2023-12-19 13:00:00",17585,11445,118
"2023-12-19 14:00:00",17772,11462,118
"2023-12-19 15:00:00",17381,11488,163
"2023-12-19 16:00:00",15034,11506,227
"2023-12-19 17:00:00",14065,11540,233
"2023-12-19 18:00:00",13850,11565,554
"2023-12-19 19:00:00",13415,11579,662
"2023-12-19 20:00:00",13073,11597,588
"2023-12-19 21:00:00",11878,11619,445
"2023-12-19 22:00:00",10042,11642,448
"2023-12-19 23:00:00",8509,11670,546
"2023-12-20 00:00:00",7395,11694,420
"2023-12-20 01:00:00",7447,11714,349
"2023-12-20 02:00:00",7781,11724,374
"2023-12-20 03:00:00",7815,11735,437
"2023-12-20 04:00:00",8655,11749,389
"2023-12-20 05:00:00",8676,11766,248
"2023-12-20 06:00:00",7845,11783,249
"2023-12-20 07:00:00",7995,11794,258
"2023-12-20 08:00:00",8891,11805,235
"2023-12-20 09:00:00",10067,11822,165
"2023-12-20 10:00:00",11370,11839,134
"2023-12-20 11:00:00",13419,11866,135
"2023-12-20 12:00:00",16009,11899,270
"2023-12-20 13:00:00",17965,11930,267
"2023-12-20 14:00:00",18506,11970,300
"2023-12-20 15:00:00",17965,12062,379
"2023-12-20 16:00:00",16163,12179,372
"2023-12-20 17:00:00",14770,12301,369
"2023-12-20 18:00:00",14298,12412,433
"2023-12-20 19:00:00",14051,12515,544
"2023-12-20 20:00:00",13782,12605,500
"2023-12-20 21:00:00",12602,12685,478
"2023-12-20 22:00:00",10870,12765,333
"2023-12-20 23:00:00",9368,12831,358
"2023-12-21 00:00:00",8090,12880,509
"2023-12-21 01:00:00",7837,12916,497
"2023-12-21 02:00:00",8250,12956,632
"2023-12-21 03:00:00",8305,13002,606
"2023-12-21 04:00:00",9240,13055,580
"2023-12-21 05:00:00",9185,13107,412
"2023-12-21 06:00:00",8147,13158,382
"2023-12-21 07:00:00",8470,13215,221
"2023-12-21 08:00:00",9454,13278,151
"2023-12-21 09:00:00",10686,13353,177
"2023-12-21 10:00:00",12232,13435,123
"2023-12-21 11:00:00",14327,13538,2423
"2023-12-21 12:00:00",16997,13666,193
"2023-12-21 13:00:00",19072,13795,226
"2023-12-21 14:00:00",21620,13957,547
"2023-12-21 15:00:00",21694,14076,705
"2023-12-21 16:00:00",20322,14189,694
"2023-12-21 17:00:00",18710,14284,1417
"2023-12-21 18:00:00",17823,14351,2145
"2023-12-21 19:00:00",17043,14405,2214
"2023-12-21 20:00:00",16456,14452,790
"2023-12-21 21:00:00",15169,14500,740
"2023-12-21 22:00:00",12965,14572,502
"2023-12-21 23:00:00",10868,14634,385
"2023-12-22 00:00:00",9311,14698,392
"2023-12-22 01:00:00",9150,14755,442
"2023-12-22 02:00:00",9816,14810,396
"2023-12-22 03:00:00",10068,14879,394
"2023-12-22 04:00:00",10988,14957,361
"2023-12-22 05:00:00",11030,15037,378
"2023-12-22 06:00:00",10155,15130,349
"2023-12-22 07:00:00",10646,15257,226
"2023-12-22 08:00:00",12054,15395,161
"2023-12-22 09:00:00",13398,15529,139
"2023-12-22 10:00:00",15775,15675,142
"2023-12-22 11:00:00",18755,15824,163
"2023-12-22 12:00:00",21420,15958,198
"2023-12-22 13:00:00",23561,16083,257
"2023-12-22 14:00:00",24091,16153,285
"2023-12-22 15:00:00",23648,16211,629
"2023-12-22 16:00:00",21702,16262,659
"2023-12-22 17:00:00",19271,16306,552
"2023-12-22 18:00:00",18148,16353,1268
"2023-12-22 19:00:00",17316,16383,1300
"2023-12-22 20:00:00",16839,16409,615
"2023-12-22 21:00:00",16765,16455,551
"2023-12-22 22:00:00",14559,16481,476
"2023-12-22 23:00:00",12677,16522,452
"2023-12-23 00:00:00",10849,16555,377
"2023-12-23 01:00:00",10399,16592,348
"2023-12-23 02:00:00",11519,16631,490
"2023-12-23 03:00:00",12136,16672,497
"2023-12-23 04:00:00",13043,16711,443
"2023-12-23 05:00:00",13516,16762,370
"2023-12-23 06:00:00",13918,16834,248
"2023-12-23 07:00:00",14529,16908,229
"2023-12-23 08:00:00",15715,16980,195
"2023-12-23 09:00:00",17018,17052,144
"2023-12-23 10:00:00",18878,17116,144
"2023-12-23 11:00:00",21257,17174,141
"2023-12-23 12:00:00",23491,17224,463
"2023-12-23 13:00:00",24803,17260,555
"2023-12-23 14:00:00",25192,17290,201
"2023-12-23 15:00:00",24869,17315,187
"2023-12-23 16:00:00",23217,17317,239
"2023-12-23 17:00:00",21055,17292,410
"2023-12-23 18:00:00",19303,17248,985
"2023-12-23 19:00:00",18210,17214,936
"2023-12-23 20:00:00",17723,17201,358
"2023-12-23 21:00:00",16782,17178,1168
"2023-12-23 22:00:00",15066,17174,1239
"2023-12-23 23:00:00",13013,17182,491
"2023-12-24 00:00:00",11568,17203,500
"2023-12-24 01:00:00",10877,17211,474
"2023-12-24 02:00:00",11759,17203,423
"2023-12-24 03:00:00",12326,17172,483
"2023-12-24 04:00:00",13387,17131,336
"2023-12-24 05:00:00",13777,17090,335
"2023-12-24 06:00:00",14155,17038,246
"2023-12-24 07:00:00",14844,16960,158
"2023-12-24 08:00:00",16029,16879,154
"2023-12-24 09:00:00",17392,16822,168
"2023-12-24 10:00:00",19466,16783,221
"2023-12-24 11:00:00",21806,16754,197
"2023-12-24 12:00:00",24088,16725,185
"2023-12-24 13:00:00",25236,16685,214
"2023-12-24 14:00:00",25356,16661,246
"2023-12-24 15:00:00",23757,16612,591
"2023-12-24 16:00:00",20728,16567,250
"2023-12-24 17:00:00",18213,16537,259
"2023-12-24 18:00:00",17083,16541,227
"2023-12-24 19:00:00",16913,16583,224
"2023-12-24 20:00:00",16684,16628,217
"2023-12-24 21:00:00",16151,16680,309
"2023-12-24 22:00:00",15137,16734,314
"2023-12-24 23:00:00",13311,16784,302
"2023-12-25 00:00:00",11504,16821,296
"2023-12-25 01:00:00",10311,16840,322
"2023-12-25 02:00:00",10180,16838,331
"2023-12-25 03:00:00",10172,16815,260
"2023-12-25 04:00:00",11291,16793,284
"2023-12-25 05:00:00",11213,16746,218
"2023-12-25 06:00:00",10352,16673,161
"2023-12-25 07:00:00",10863,16594,156
"2023-12-25 08:00:00",13024,16529,162
"2023-12-25 09:00:00",15051,16468,157
"2023-12-25 10:00:00",17551,16417,148
"2023-12-25 11:00:00",19854,16367,160
"2023-12-25 12:00:00",21797,16317,197
"2023-12-25 13:00:00",23866,16308,200
"2023-12-25 14:00:00",24022,16298,196
"2023-12-25 15:00:00",23888,16317,273
"2023-12-25 16:00:00",21831,16349,258
"2023-12-25 17:00:00",20398,16398,289
"2023-12-25 18:00:00",20155,16470,331
"2023-12-25 19:00:00",19914,16533,334
"2023-12-25 20:00:00",19652,16598,306
"2023-12-25 21:00:00",18579,16652,348
"2023-12-25 22:00:00",17149,16696,376
"2023-12-25 23:00:00",15054,16728,356
"2023-12-26 00:00:00",12939,16750,303
"2023-12-26 01:00:00",11726,16778,237
"2023-12-26 02:00:00",11173,16799,269
"2023-12-26 03:00:00",11161,16821,915
"2023-12-26 04:00:00",11557,16827,877
"2023-12-26 05:00:00",11511,16835,616
"2023-12-26 06:00:00",10533,16840,559
"2023-12-26 07:00:00",10771,16836,150
"2023-12-26 08:00:00",12483,16818,180
"2023-12-26 09:00:00",14607,16799,142
"2023-12-26 10:00:00",17123,16776,143
"2023-12-26 11:00:00",19821,16758,131
"2023-12-26 12:00:00",22831,16763,145
"2023-12-26 13:00:00",24838,16757,198
"2023-12-26 14:00:00",24877,16748,244
"2023-12-26 15:00:00",24403,16751,393
"2023-12-26 16:00:00",21974,16750,413
"2023-12-26 17:00:00",20765,16762,427
"2023-12-26 18:00:00",20179,16756,324
"2023-12-26 19:00:00",20003,16751,1097
"2023-12-26 20:00:00",19760,16750,1111
"2023-12-26 21:00:00",18643,16745,1031
"2023-12-26 22:00:00",16864,16734,796
"2023-12-26 23:00:00",14646,16723,332
"2023-12-27 00:00:00",12773,16719,420
"2023-12-27 01:00:00",11693,16718,464
"2023-12-27 02:00:00",11229,16717,371
"2023-12-27 03:00:00",11157,16719,391
"2023-12-27 04:00:00",11670,16724,310
"2023-12-27 05:00:00",11553,16727,185
"2023-12-27 06:00:00",10449,16729,163
"2023-12-27 07:00:00",10449,16724,200
"2023-12-27 08:00:00",12020,16717,207
"2023-12-27 09:00:00",13918,16703,583
"2023-12-27 10:00:00",16240,16690,571
"2023-12-27 11:00:00",18853,16675,1028
"2023-12-27 12:00:00",21399,16647,1125
"2023-12-27 13:00:00",23351,16619,1128
"2023-12-27 14:00:00",24405,16616,384
"2023-12-27 15:00:00",24168,16646,460
"2023-12-27 16:00:00",22141,16694,437
"2023-12-27 17:00:00",20373,16746,474
"2023-12-27 18:00:00",19788,16794,548
"2023-12-27 19:00:00",19812,16834,582
"2023-12-27 20:00:00",19380,16861,517
"2023-12-27 21:00:00",18363,16888,495
"2023-12-27 22:00:00",16762,16915,482
"2023-12-27 23:00:00",14622,16957,383
"2023-12-28 00:00:00",12726,16998,397
"2023-12-28 01:00:00",11563,17014,312
"2023-12-28 02:00:00",11290,17031,298
"2023-12-28 03:00:00",11277,17055,293
"2023-12-28 04:00:00",11751,17082,1377
"2023-12-28 05:00:00",11725,17111,810
"2023-12-28 06:00:00",10575,17141,736
"2023-12-28 07:00:00",10637,17179,313
"2023-12-28 08:00:00",12143,17219,234
"2023-12-28 09:00:00",14344,17266,183
"2023-12-28 10:00:00",16629,17302,1773
"2023-12-28 11:00:00",19201,17346,2067
"2023-12-28 12:00:00",21787,17398,2056
"2023-12-28 13:00:00",23835,17457,268
"2023-12-28 14:00:00",26415,17549,428
"2023-12-28 15:00:00",26663,17620,532
"2023-12-28 16:00:00",25659,17708,619
"2023-12-28 17:00:00",23732,17779,524
"2023-12-28 18:00:00",22388,17830,645
"2023-12-28 19:00:00",21890,17869,689
"2023-12-28 20:00:00",21399,17900,793
"2023-12-28 21:00:00",20144,17930,744
"2023-12-28 22:00:00",19328,17984,776
"2023-12-28 23:00:00",17169,18025,775
"2023-12-29 00:00:00",13925,18034,737
"2023-12-29 01:00:00",12544,18054,605
"2023-12-29 02:00:00",12657,18090,488
"2023-12-29 03:00:00",12831,18145,482
"2023-12-29 04:00:00",13339,18205,371
"2023-12-29 05:00:00",13430,18265,345
"2023-12-29 06:00:00",12692,18339,308
"2023-12-29 07:00:00",12949,18431,232
"2023-12-29 08:00:00",14481,18527,211
"2023-12-29 09:00:00",16074,18596,200
"2023-12-29 10:00:00",18881,18679,211
"2023-12-29 11:00:00",21955,18758,170
"2023-12-29 12:00:00",24781,18834,287
"2023-12-29 13:00:00",26540,18898,335
"2023-12-29 14:00:00",27043,18900,427
"2023-12-29 15:00:00",26720,18889,567
"2023-12-29 16:00:00",24922,18857,1542
"2023-12-29 17:00:00",22955,18834,1561
"2023-12-29 18:00:00",21661,18819,1491
"2023-12-29 19:00:00",20698,18777,864
"2023-12-29 20:00:00",20529,18759,472
"2023-12-29 21:00:00",19471,18737,510
"2023-12-29 22:00:00",17908,18703,506
"2023-12-29 23:00:00",15848,18666,466
"2023-12-30 00:00:00",13610,18661,463
"2023-12-30 01:00:00",12694,18670,469
"2023-12-30 02:00:00",13636,18698,457
"2023-12-30 03:00:00",14044,18731,437
"2023-12-30 04:00:00",14443,18761,410
"2023-12-30 05:00:00",14641,18788,376
"2023-12-30 06:00:00",14824,18848,334
"2023-12-30 07:00:00",15206,18909,268
"2023-12-30 08:00:00",16097,18953,274
"2023-12-30 09:00:00",17648,18998,154
"2023-12-30 10:00:00",19316,19004,152
"2023-12-30 11:00:00",21782,19002,143
"2023-12-30 12:00:00",24319,18989,165
"2023-12-30 13:00:00",25538,18964,267
"2023-12-30 14:00:00",26210,18947,332
"2023-12-30 15:00:00",25911,18931,365
"2023-12-30 16:00:00",24802,18931,353
"2023-12-30 17:00:00",23296,18940,334
"2023-12-30 18:00:00",20992,18914,1924
"2023-12-30 19:00:00",21071,18914,2905
"2023-12-30 20:00:00",20303,18875,731
"2023-12-30 21:00:00",19775,18846,519
"2023-12-30 22:00:00",17904,18803,529
"2023-12-30 23:00:00",16108,18782,445
"2023-12-31 00:00:00",13948,18762,395
"2023-12-31 01:00:00",12846,18758,415
"2023-12-31 02:00:00",13681,18758,403
"2023-12-31 03:00:00",14024,18751,397
"2023-12-31 04:00:00",14027,18730,708
"2023-12-31 05:00:00",14746,18728,607
"2023-12-31 06:00:00",14765,18719,400
"2023-12-31 07:00:00",15137,18714,231
"2023-12-31 08:00:00",16178,18711,195
"2023-12-31 09:00:00",17259,18688,226
"2023-12-31 10:00:00",19485,18673,220
"2023-12-31 11:00:00",21788,18647,215
"2023-12-31 12:00:00",24467,18628,201
"2023-12-31 13:00:00",25994,18614,187
"2023-12-31 14:00:00",26717,18605,220
"2023-12-31 15:00:00",26188,18580,240
"2023-12-31 16:00:00",24741,18548,386
"2023-12-31 17:00:00",22810,18500,374
"2023-12-31 18:00:00",20202,18455,340
"2023-12-31 19:00:00",18609,18387,1297
"2023-12-31 20:00:00",17452,18323,697
"2023-12-31 21:00:00",16509,18253,343
"2023-12-31 22:00:00",15709,18208,286
"2023-12-31 23:00:00",13796,18148,353
"2024-01-01 00:00:00",13233,18132,299
"2024-01-01 01:00:00",12711,18117,323
"2024-01-01 02:00:00",13116,18084,259
"2024-01-01 03:00:00",13228,18038,288
"2024-01-01 04:00:00",13564,17998,321
"2024-01-01 05:00:00",14146,17952,316
"2024-01-01 06:00:00",14415,17907,304
"2024-01-01 07:00:00",14634,17844,216
"2024-01-01 08:00:00",15179,17768,203
"2024-01-01 09:00:00",15643,17684,170
"2024-01-01 10:00:00",17240,17591,185
"2024-01-01 11:00:00",19828,17513,199
"2024-01-01 12:00:00",22181,17431,176
"2024-01-01 13:00:00",23865,17355,215
"2024-01-01 14:00:00",23926,17261,222
"2024-01-01 15:00:00",23539,17175,212
"2024-01-01 16:00:00",21766,17078,247
"2024-01-01 17:00:00",20903,17011,286
"2024-01-01 18:00:00",20364,17004,290
"2024-01-01 19:00:00",20229,17039,355
"2024-01-01 20:00:00",19526,17085,428
"2024-01-01 21:00:00",18153,17120,471
"2024-01-01 22:00:00",16357,17128,465
"2024-01-01 23:00:00",14187,17125,449
"2024-01-02 00:00:00",12216,17081,479
"2024-01-02 01:00:00",11228,17027,475
"2024-01-02 02:00:00",11082,16956,429
"2024-01-02 03:00:00",10829,16876,249
"2024-01-02 04:00:00",11020,16793,218
"2024-01-02 05:00:00",11004,16692,240
"2024-01-02 06:00:00",10083,16553,247
"2024-01-02 07:00:00",10442,16419,239
"2024-01-02 08:00:00",11939,16315,184
"2024-01-02 09:00:00",13226,16233,131
"2024-01-02 10:00:00",15446,16174,127
"2024-01-02 11:00:00",18496,16128,150
"2024-01-02 12:00:00",21022,16083,161
"2024-01-02 13:00:00",22961,16047,151
"2024-01-02 14:00:00",23346,16019,183
"2024-01-02 14:10:00",23064,,
"2024-01-02 14:20:00",23191,,
"2024-01-02 14:30:00",23346,,
"2024-01-02 14:40:00",23345,,
"2024-01-02 14:50:00",23183,,
"2024-01-02 15:00:00",22874,15991,214
"2024-01-02 15:10:00",22498,,214
"2024-01-02 15:20:00",22195,,214
"2024-01-02 15:30:00",21878,,214
"2024-01-02 15:40:00",21307,,214
"2024-01-02 15:50:00",21113,,214
"2024-01-02 16:00:00",20897,15957,359
"2024-01-02 16:10:00",20665,,359
"2024-01-02 16:20:00",20451,,359
"2024-01-02 16:30:00",20235,,359
"2024-01-02 16:40:00",20053,,359
"2024-01-02 16:50:00",19924,,359
"2024-01-02 17:00:00",19649,15910,344
"2024-01-02 17:10:00",19336,,344
"2024-01-02 17:20:00",19110,,344
"2024-01-02 17:30:00",19071,,344
"2024-01-02 17:40:00",18937,,344
"2024-01-02 17:50:00",18819,,344
"2024-01-02 18:00:00",18722,15852,249
"2024-01-02 18:10:00",18728,,249
"2024-01-02 18:20:00",18724,,249
"2024-01-02 18:30:00",18696,,249
"2024-01-02 18:40:00",18571,,249
"2024-01-02 18:50:00",18453,,249
"2024-01-02 19:00:00",18344,15788,512
"2024-01-02 19:10:00",18298,,512
"2024-01-02 19:20:00",18223,,512
"2024-01-02 19:30:00",18169,,512
"2024-01-02 19:40:00",18043,,512
"2024-01-02 19:50:00",17884,,512
"2024-01-02 20:00:00",17834,15728,731
"2024-01-02 20:10:00",17607,,731
"2024-01-02 20:20:00",17333,,731
"2024-01-02 20:30:00",17124,,731
"2024-01-02 20:40:00",17031,,731
"2024-01-02 20:50:00",16918,,731
"2024-01-02 21:00:00",16708,15676,696
"2024-01-02 21:10:00",16331,,696
"2024-01-02 21:20:00",16054,,696
"2024-01-02 21:30:00",15718,,696
"2024-01-02 21:40:00",15389,,696
"2024-01-02 21:50:00",15007,,696
"2024-01-02 22:00:00",14664,15617,464
"2024-01-02 22:10:00",14285,,464
"2024-01-02 22:20:00",13952,,464
"2024-01-02 22:30:00",13629,,464
"2024-01-02 22:40:00",13376,,464
"2024-01-02 22:50:00",13086,,464
"2024-01-02 23:00:00",12812,15569,410
"2024-01-02 23:10:00",12385,,410
"2024-01-02 23:20:00",12139,,410
"2024-01-02 23:30:00",11791,,410
"2024-01-02 23:40:00",11526,,410
"2024-01-02 23:50:00",11382,,410
"2024-01-03 00:00:00",11222,15535,386
"2024-01-03 00:10:00",10955,,386
"2024-01-03 00:20:00",10768,,386
"2024-01-03 00:30:00",10695,,386
"2024-01-03 00:40:00",10597,,386
"2024-01-03 00:50:00",10541,,386
"2024-01-03 01:00:00",10360,15505,312
"2024-01-03 01:10:00",10218,,312
"2024-01-03 01:20:00",10295,,312
"2024-01-03 01:30:00",10332,,312
"2024-01-03 01:40:00",10315,,312
"2024-01-03 01:50:00",10324,,312
"2024-01-03 02:00:00",10238,15481,1323
"2024-01-03 02:10:00",10216,,1323
"2024-01-03 02:20:00",10344,,1323
"2024-01-03 02:30:00",10334,,1323
"2024-01-03 02:40:00",10337,,1323
"2024-01-03 02:50:00",10326,,1323
"2024-01-03 03:00:00",10319,15465,1042
"2024-01-03 03:10:00",10231,,1042
"2024-01-03 03:20:00",10287,,1042
"2024-01-03 03:30:00",10194,,1042
"2024-01-03 03:40:00",10215,,1042
"2024-01-03 03:50:00",10214,,1042
"2024-01-03 04:00:00",10227,15454,905
"2024-01-03 04:10:00",10230,,905
"2024-01-03 04:20:00",10296,,905
"2024-01-03 04:30:00",10449,,905
"2024-01-03 04:40:00",10640,,905
"2024-01-03 04:50:00",10670,,905
"2024-01-03 05:00:00",10565,15439,799
"2024-01-03 05:10:00",10490,,799
"2024-01-03 05:20:00",10309,,799
"2024-01-03 05:30:00",10151,,799
"2024-01-03 05:40:00",9967,,799
"2024-01-03 05:50:00",9823,,799
"2024-01-03 06:00:00",9704,15428,389
"2024-01-03 06:10:00",9656,,389
"2024-01-03 06:20:00",9681,,389
"2024-01-03 06:30:00",9693,,389
"2024-01-03 06:40:00",9684,,389
"2024-01-03 06:50:00",9790,,389
"2024-01-03 07:00:00",9784,15417,279
"2024-01-03 07:10:00",9761,,279
"2024-01-03 07:20:00",9780,,279
"2024-01-03 07:30:00",9818,,279
"2024-01-03 07:40:00",9937,,279
"2024-01-03 07:50:00",10150,,279
"2024-01-03 08:00:00",10345,15394,238
"2024-01-03 08:10:00",10483,,238
"2024-01-03 08:20:00",10697,,238
"2024-01-03 08:30:00",10924,,238
"2024-01-03 08:40:00",11147,,238
"2024-01-03 08:50:00",11258,,238
"2024-01-03 09:00:00",11435,15382,171
"2024-01-03 09:10:00",11769,,171
"2024-01-03 09:20:00",12091,,171
"2024-01-03 09:30:00",12277,,171
"2024-01-03 09:40:00",12616,,171
"2024-01-03 09:50:00",12930,,171
"2024-01-03 10:00:00",13221,15363,152
"2024-01-03 10:10:00",13491,,152
"2024-01-03 10:20:00",13870,,152
"2024-01-03 10:30:00",14147,,152
"2024-01-03 10:40:00",14462,,152
"2024-01-03 10:50:00",14967,,152
"2024-01-03 11:00:00",15374,15329,138
"2024-01-03 11:10:00",15824,,138
"2024-01-03 11:20:00",16318,,138
"2024-01-03 11:30:00",16778,,138
"2024-01-03 11:40:00",17269,,138
"2024-01-03 11:50:00",17593,,138
"2024-01-03 12:00:00",17892,15291,114
"2024-01-03 12:10:00",18323,,114
"2024-01-03 12:20:00",18794,,114
"2024-01-03 12:30:00",19222,,114
"2024-01-03 12:40:00",19734,,114
"2024-01-03 12:50:00",20088,,114
"2024-01-03 13:00:00",20367,15254,166
"2024-01-03 13:10:00",20762,,166
"2024-01-03 13:20:00",21112,,166
"2024-01-03 13:30:00",21314,,166
"2024-01-03 13:40:00",21591,,166
"2024-01-03 13:50:00",21928,,166
"2024-01-03 14:00:00",21990,15225,173
"2024-01-03 14:10:00",22169,,173
"2024-01-03 14:20:00",22419,,173
"2024-01-03 14:30:00",22414,,173
"2024-01-03 14:40:00",22501,,173
"2024-01-03 14:50:00",22449,,173
"2024-01-03 15:00:00",22100,15222,213
"2024-01-03 15:10:00",21487,,213
"2024-01-03 15:20:00",21196,,213
"2024-01-03 15:30:00",20830,,213
"2024-01-03 15:40:00",20563,,213
"2024-01-03 15:50:00",20421,,213
"2024-01-03 16:00:00",20122,15224,259
"2024-01-03 16:10:00",19704,,259
"2024-01-03 16:20:00",19597,,259
"2024-01-03 16:30:00",19505,,259
"2024-01-03 16:40:00",19374,,259
"2024-01-03 16:50:00",19184,,259
"2024-01-03 17:00:00",18938,15234,260
"2024-01-03 17:10:00",18689,,260
"2024-01-03 17:20:00",18547,,260
"2024-01-03 17:30:00",18521,,260
"2024-01-03 17:40:00",18384,,260
"2024-01-03 17:50:00",18352,,260
"2024-01-03 18:00:00",18259,15248,422
"2024-01-03 18:10:00",18149,,422
"2024-01-03 18:20:00",18023,,422
"2024-01-03 18:30:00",17954,,422
"2024-01-03 18:40:00",17926,,422
"2024-01-03 18:50:00",17913,,422
"2024-01-03 19:00:00",17737,15252,638
"2024-01-03 19:10:00",17694,,638
"2024-01-03 19:20:00",17600,,638
"2024-01-03 19:30:00",17608,,638
"2024-01-03 19:40:00",17523,,638
"2024-01-03 19:50:00",17410,,638
"2024-01-03 20:00:00",17186,15254,627
"2024-01-03 20:10:00",16874,,627
"2024-01-03 20:20:00",16833,,627
"2024-01-03 20:30:00",16766,,627
"2024-01-03 20:40:00",16602,,627
"2024-01-03 20:50:00",16367,,627
"2024-01-03 21:00:00",16107,15254,1699
"2024-01-03 21:10:00",15691,,1699
"2024-01-03 21:20:00",15415,,1699
"2024-01-03 21:30:00",15035,,1699
"2024-01-03 21:40:00",14763,,1699
"2024-01-03 21:50:00",14497,,1699
"2024-01-03 22:00:00",14253,15258,1619
"2024-01-03 22:10:00",14004,,1619
"2024-01-03 22:20:00",13749,,1619
"2024-01-03 22:30:00",13454,,1619
"2024-01-03 22:40:00",13169,,1619
"2024-01-03 22:50:00",12908,,1619
"2024-01-03 23:00:00",12543,15262,412
"2024-01-03 23:10:00",12167,,412
"2024-01-03 23:20:00",11901,,412
"2024-01-03 23:30:00",11639,,412
"2024-01-03 23:40:00",11317,,412
"2024-01-03 23:50:00",11153,,412
"2024-01-04 00:00:00",10934,15262,423
"2024-01-04 00:10:00",10723,,423
"2024-01-04 00:20:00",10642,,423
"2024-01-04 00:30:00",10572,,423
"2024-01-04 00:40:00",10443,,423
"2024-01-04 00:50:00",10389,,423
"2024-01-04 01:00:00",10279,15267,394
"2024-01-04 01:10:00",10220,,394
"2024-01-04 01:20:00",10212,,394
"2024-01-04 01:30:00",10193,,394
"2024-01-04 01:40:00",10131,,394
"2024-01-04 01:50:00",10191,,394
"2024-01-04 02:00:00",10245,15274,335
"2024-01-04 02:10:00",10212,,335
"2024-01-04 02:20:00",10195,,335
"2024-01-04 02:30:00",10200,,335
"2024-01-04 02:40:00",10326,,335
"2024-01-04 02:50:00",10336,,335
"2024-01-04 03:00:00",10373,15285,344
"2024-01-04 03:10:00",10293,,344
"2024-01-04 03:20:00",10239,,344
"2024-01-04 03:30:00",10166,,344
"2024-01-04 03:40:00",10066,,344
"2024-01-04 03:50:00",9961,,344
"2024-01-04 04:00:00",10001,15286,307
"2024-01-04 04:10:00",10141,,307
"2024-01-04 04:20:00",10294,,307
"2024-01-04 04:30:00",10361,,307
"2024-01-04 04:40:00",10448,,307
"2024-01-04 04:50:00",10456,,307
"2024-01-04 05:00:00",10394,15290,205
"2024-01-04 05:10:00",10261,,205
"2024-01-04 05:20:00",10169,,205
"2024-01-04 05:30:00",10026,,205
"2024-01-04 05:40:00",9774,,205
"2024-01-04 05:50:00",9687,,205
"2024-01-04 06:00:00",9576,15293,169
"2024-01-04 06:10:00",9512,,169
"2024-01-04 06:20:00",9476,,169
"2024-01-04 06:30:00",9481,,169
"2024-01-04 06:40:00",9501,,169
"2024-01-04 06:50:00",9494,,169
"2024-01-04 07:00:00",9547,15296,178
"2024-01-04 07:10:00",9533,,178
"2024-01-04 07:20:00",9579,,178
"2024-01-04 07:30:00",9666,,178
"2024-01-04 07:40:00",9839,,178
"2024-01-04 07:50:00",9921,,178
"2024-01-04 08:00:00",9995,15296,167
"2024-01-04 08:10:00",10151,,167
"2024-01-04 08:20:00",10366,,167
"2024-01-04 08:30:00",10467,,167
"2024-01-04 08:40:00",10678,,167
"2024-01-04 08:50:00",10983,,167
"2024-01-04 09:00:00",11169,15291,148
"2024-01-04 09:10:00",11432,,148
"2024-01-04 09:20:00",11675,,148
"2024-01-04 09:30:00",11887,,148
"2024-01-04 09:40:00",12162,,148
"2024-01-04 09:50:00",12439,,148
"2024-01-04 10:00:00",12587,15286,152
"2024-01-04 10:10:00",12806,,152
"2024-01-04 10:20:00",13166,,152
"2024-01-04 10:30:00",13615,,152
"2024-01-04 10:40:00",14049,,152
"2024-01-04 10:50:00",14471,,152
"2024-01-04 11:00:00",14893,15271,217
"2024-01-04 11:10:00",15334,,217
"2024-01-04 11:20:00",15744,,217
"2024-01-04 11:30:00",16106,,217
"2024-01-04 11:40:00",16340,,217
"2024-01-04 11:50:00",16740,,217
"2024-01-04 12:00:00",17087,15274,266
"2024-01-04 12:10:00",17626,,266
"2024-01-04 12:20:00",18163,,266
"2024-01-04 12:30:00",18677,,266
"2024-01-04 12:40:00",19211,,266
"2024-01-04 12:50:00",19649,,266
"2024-01-04 13:00:00",20028,15289,404
"2024-01-04 13:10:00",20237,,404
"2024-01-04 13:20:00",20613,,404
"2024-01-04 13:30:00",20976,,404
"2024-01-04 13:40:00",21457,,404
"2024-01-04 13:50:00",21827,,404
"2024-01-04 14:00:00",22238,15403,495
"2024-01-04 14:10:00",22479,,495
"2024-01-04 14:20:00",23065,,495
"2024-01-04 14:30:00",24086,,495
"2024-01-04 14:40:00",24733,,495
"2024-01-04 14:50:00",25256,,495
"2024-01-04 15:00:00",25368,15521,645
"2024-01-04 15:10:00",25453,,645
"2024-01-04 15:20:00",25430,,645
"2024-01-04 15:30:00",25383,,645
"2024-01-04 15:40:00",25218,,645
"2024-01-04 15:50:00",24869,,645
"2024-01-04 16:00:00",24411,15670,540
"2024-01-04 16:10:00",24015,,540
"2024-01-04 16:20:00",23517,,540
"2024-01-04 16:30:00",23221,,540
"2024-01-04 16:40:00",23064,,540
"2024-01-04 16:50:00",22858,,540
"2024-01-04 17:00:00",22610,15794,462
"2024-01-04 17:10:00",22286,,462
"2024-01-04 17:20:00",22067,,462
"2024-01-04 17:30:00",21951,,462
"2024-01-04 17:40:00",21743,,462
"2024-01-04 17:50:00",21405,,462
"2024-01-04 18:00:00",21369,15896,509
"2024-01-04 18:10:00",21239,,509
"2024-01-04 18:20:00",21133,,509
"2024-01-04 18:30:00",20968,,509
"2024-01-04 18:40:00",20860,,509
"2024-01-04 18:50:00",20886,,509
"2024-01-04 19:00:00",20846,15994,545
"2024-01-04 19:10:00",20655,,545
"2024-01-04 19:20:00",20532,,545
"2024-01-04 19:30:00",20363,,545
"2024-01-04 19:40:00",20243,,545
"2024-01-04 19:50:00",20035,,545
"2024-01-04 20:00:00",19930,16080,561
"2024-01-04 20:10:00",19604,,561
"2024-01-04 20:20:00",19370,,561
"2024-01-04 20:30:00",19138,,561
"2024-01-04 20:40:00",18910,,561
"2024-01-04 20:50:00",18702,,561
"2024-01-04 21:00:00",18521,16157,519
"2024-01-04 21:10:00",18096,,519
"2024-01-04 21:20:00",17790,,519
"2024-01-04 21:30:00",17435,,519
"2024-01-04 21:40:00",17098,,519
"2024-01-04 21:50:00",16672,,519
"2024-01-04 22:00:00",16199,16224,452
"2024-01-04 22:10:00",15862,,452
"2024-01-04 22:20:00",15428,,452
"2024-01-04 22:30:00",14967,,452
"2024-01-04 22:40:00",14669,,452
"2024-01-04 22:50:00",14399,,452
"2024-01-04 23:00:00",14028,16280,491
"2024-01-04 23:10:00",13669,,491
"2024-01-04 23:20:00",13330,,491
"2024-01-04 23:30:00",12987,,491
"2024-01-04 23:40:00",12627,,491
"2024-01-04 23:50:00",12368,,491
"2024-01-05 00:00:00",12033,16324,608
"2024-01-05 00:10:00",11767,,608
"2024-01-05 00:20:00",11632,,608
"2024-01-05 00:30:00",11468,,608
"2024-01-05 00:40:00",11387,,608
"2024-01-05 00:50:00",11358,,608
"2024-01-05 01:00:00",11289,16370,617
"2024-01-05 01:10:00",11344,,617
"2024-01-05 01:20:00",11361,,617
"2024-01-05 01:30:00",11436,,617
"2024-01-05 01:40:00",11441,,617
"2024-01-05 01:50:00",11411,,617
"2024-01-05 02:00:00",11433,16424,513
"2024-01-05 02:10:00",11459,,513
"2024-01-05 02:20:00",11530,,513
"2024-01-05 02:30:00",11614,,513
"2024-01-05 02:40:00",11761,,513
"2024-01-05 02:50:00",11793,,513
"2024-01-05 03:00:00",11781,16480,502
"2024-01-05 03:10:00",11786,,502
"2024-01-05 03:20:00",11756,,502
"2024-01-05 03:30:00",11745,,502
"2024-01-05 03:40:00",11658,,502
"2024-01-05 03:50:00",11589,,502
"2024-01-05 04:00:00",11574,16542,400
"2024-01-05 04:10:00",11579,,400
"2024-01-05 04:20:00",11628,,400
"2024-01-05 04:30:00",11732,,400
"2024-01-05 04:40:00",11908,,400
"2024-01-05 04:50:00",11989,,400
"2024-01-05 05:00:00",11996,16608,333
"2024-01-05 05:10:00",12003,,333
"2024-01-05 05:20:00",11837,,333
"2024-01-05 05:30:00",11771,,333
"2024-01-05 05:40:00",11611,,333
"2024-01-05 05:50:00",11501,,333
"2024-01-05 06:00:00",11352,16681,300
"2024-01-05 06:10:00",11208,,300
"2024-01-05 06:20:00",11127,,300
"2024-01-05 06:30:00",11109,,300
"2024-01-05 06:40:00",11140,,300
"2024-01-05 06:50:00",11219,,300
"2024-01-05 07:00:00",11265,16753,235
"2024-01-05 07:10:00",11289,,235
"2024-01-05 07:20:00",11327,,235
"2024-01-05 07:30:00",11450,,235
"2024-01-05 07:40:00",11530,,235
"2024-01-05 07:50:00",11563,,235
"2024-01-05 08:00:00",11733,16836,177
"2024-01-05 08:10:00",11952,,177
"2024-01-05 08:20:00",12155,,177
"2024-01-05 08:30:00",12311,,177
"2024-01-05 08:40:00",12615,,177
"2024-01-05 08:50:00",12946,,177
"2024-01-05 09:00:00",13129,16925,281
"2024-01-05 09:10:00",13420,,281
"2024-01-05 09:20:00",13714,,281
"2024-01-05 09:30:00",14119,,281
"2024-01-05 09:40:00",14351,,281
"2024-01-05 09:50:00",14523,,281
"2024-01-05 10:00:00",14706,17023,323
"2024-01-05 10:10:00",15137,,323
"2024-01-05 10:20:00",15439,,323
"2024-01-05 10:30:00",15848,,323
"2024-01-05 10:40:00",16332,,323
"2024-01-05 10:50:00",16871,,323
"2024-01-05 11:00:00",17320,17140,293
"2024-01-05 11:10:00",17738,,293
"2024-01-05 11:20:00",18300,,293
"2024-01-05 11:30:00",18727,,293
"2024-01-05 11:40:00",19185,,293
"2024-01-05 11:50:00",19663,,293
"2024-01-05 12:00:00",20070,17262,281
"2024-01-05 12:10:00",20520,,281
"2024-01-05 12:20:00",21061,,281
"2024-01-05 12:30:00",21640,,281
"2024-01-05 12:40:00",22210,,281
"2024-01-05 12:50:00",22758,,281
"2024-01-05 13:00:00",23237,17381,182
"2024-01-05 13:10:00",23598,,182
"2024-01-05 13:20:00",24109,,182
"2024-01-05 13:30:00",24538,,182
"2024-01-05 13:40:00",24694,,182
"2024-01-05 13:50:00",24948,,182
"2024-01-05 14:00:00",25123,17405,225
"2024-01-05 14:10:00",25193,,225
"2024-01-05 14:20:00",25338,,225
"2024-01-05 14:30:00",25558,,225
"2024-01-05 14:40:00",25796,,225
"2024-01-05 14:50:00",25856,,225
"2024-01-05 15:00:00",25784,17417,478
"2024-01-05 15:10:00",25596,,478
"2024-01-05 15:20:00",25309,,478
"2024-01-05 15:30:00",25052,,478
"2024-01-05 15:40:00",24810,,478
"2024-01-05 15:50:00",24495,,478
"2024-01-05 16:00:00",24153,17409,600
"2024-01-05 16:10:00",23479,,600
"2024-01-05 16:20:00",23028,,600
"2024-01-05 16:30:00",22706,,600
"2024-01-05 16:40:00",22435,,600
"2024-01-05 16:50:00",22168,,600
"2024-01-05 17:00:00",21847,17383,626
"2024-01-05 17:10:00",21460,,626
"2024-01-05 17:20:00",21198,,626
"2024-01-05 17:30:00",21000,,626
"2024-01-05 17:40:00",20762,,626
"2024-01-05 17:50:00",20472,,626
"2024-01-05 18:00:00",20149,17343,675
"2024-01-05 18:10:00",19830,,675
"2024-01-05 18:20:00",19635,,675
"2024-01-05 18:30:00",19587,,675
"2024-01-05 18:40:00",19609,,675
"2024-01-05 18:50:00",19600,,675
"2024-01-05 19:00:00",19542,17300,668
"2024-01-05 19:10:00",19400,,668
"2024-01-05 19:20:00",19311,,668
"2024-01-05 19:30:00",19293,,668
"2024-01-05 19:40:00",19177,,668
"2024-01-05 19:50:00",18930,,668
"2024-01-05 20:00:00",18852,17265,706
"2024-01-05 20:10:00",18714,,706
"2024-01-05 20:20:00",18660,,706
"2024-01-05 20:30:00",18730,,706
"2024-01-05 20:40:00",18721,,706
"2024-01-05 20:50:00",18685,,706
"2024-01-05 21:00:00",18563,17271,659
"2024-01-05 21:10:00",18397,,659
"2024-01-05 21:20:00",18202,,659
"2024-01-05 21:30:00",17940,,659
"2024-01-05 21:40:00",17708,,659
"2024-01-05 21:50:00",17394,,659
"2024-01-05 22:00:00",17035,17302,605
"2024-01-05 22:10:00",16602,,605
"2024-01-05 22:20:00",16211,,605
"2024-01-05 22:30:00",15995,,605
"2024-01-05 22:40:00",15743,,605
"2024-01-05 22:50:00",15383,,605
"2024-01-05 23:00:00",15054,17340,457
"2024-01-05 23:10:00",14596,,457
"2024-01-05 23:20:00",14193,,457
"2024-01-05 23:30:00",13923,,457
"2024-01-05 23:40:00",13628,,457
"2024-01-05 23:50:00",13287,,457
"2024-01-06 00:00:00",12923,17372,363
"2024-01-06 00:10:00",12516,,363
"2024-01-06 00:20:00",12257,,363
"2024-01-06 00:30:00",12055,,363
"2024-01-06 00:40:00",12021,,363
"2024-01-06 00:50:00",12058,,363
"2024-01-06 01:00:00",12071,17397,396
"2024-01-06 01:10:00",12060,,396
"2024-01-06 01:20:00",12085,,396
"2024-01-06 01:30:00",12081,,396
"2024-01-06 01:40:00",12104,,396
"2024-01-06 01:50:00",12048,,396
"2024-01-06 02:00:00",12117,17435,444
"2024-01-06 02:10:00",12154,,444
"2024-01-06 02:20:00",12344,,444
"2024-01-06 02:30:00",12519,,444
"2024-01-06 02:40:00",12760,,444
"2024-01-06 02:50:00",12908,,444
"2024-01-06 03:00:00",13062,17484,444
"2024-01-06 03:10:00",13086,,444
"2024-01-06 03:20:00",13197,,444
"2024-01-06 03:30:00",13184,,444
"2024-01-06 03:40:00",13073,,444
"2024-01-06 03:50:00",13033,,444
"2024-01-06 04:00:00",13007,17546,343
"2024-01-06 04:10:00",13082,,343
"2024-01-06 04:20:00",13217,,343
"2024-01-06 04:30:00",13521,,343
"2024-01-06 04:40:00",13690,,343
"2024-01-06 04:50:00",13728,,343
"2024-01-06 05:00:00",13824,17612,319
"2024-01-06 05:10:00",13833,,319
"2024-01-06 05:20:00",13827,,319
"2024-01-06 05:30:00",13834,,319
"2024-01-06 05:40:00",13738,,319
"2024-01-06 05:50:00",13658,,319
"2024-01-06 06:00:00",13684,17699,324
"2024-01-06 06:10:00",13671,,324
"2024-01-06 06:20:00",13638,,324
"2024-01-06 06:30:00",13645,,324
"2024-01-06 06:40:00",13698,,324
"2024-01-06 06:50:00",13680,,324
"2024-01-06 07:00:00",13743,17794,225
"2024-01-06 07:10:00",13849,,225
"2024-01-06 07:20:00",13784,,225
"2024-01-06 07:30:00",13960,,225
"2024-01-06 07:40:00",13996,,225
"2024-01-06 07:50:00",14115,,225
"2024-01-06 08:00:00",14228,17894,174
"2024-01-06 08:10:00",14421,,174
"2024-01-06 08:20:00",14573,,174
"2024-01-06 08:30:00",14911,,174
"2024-01-06 08:40:00",15312,,174
"2024-01-06 08:50:00",15636,,174
"2024-01-06 09:00:00",15784,17975,177
"2024-01-06 09:10:00",15935,,177
"2024-01-06 09:20:00",16190,,177
"2024-01-06 09:30:00",16485,,177
"2024-01-06 09:40:00",16580,,177
"2024-01-06 09:50:00",16787,,177
"2024-01-06 10:00:00",17145,18060,156
"2024-01-06 10:10:00",17460,,156
"2024-01-06 10:20:00",17851,,156
"2024-01-06 10:30:00",18228,,156
"2024-01-06 10:40:00",18697,,156
"2024-01-06 10:50:00",19221,,156
"2024-01-06 11:00:00",19691,18127,201
"2024-01-06 11:10:00",20168,,201
"2024-01-06 11:20:00",20741,,201
"2024-01-06 11:30:00",21197,,201
"2024-01-06 11:40:00",21265,,201
"2024-01-06 11:50:00",21599,,201
"2024-01-06 12:00:00",22063,18174,278
"2024-01-06 12:10:00",22439,,278
"2024-01-06 12:20:00",22664,,278
"2024-01-06 12:30:00",23125,,278
"2024-01-06 12:40:00",23741,,278
"2024-01-06 12:50:00",24106,,278
"2024-01-06 13:00:00",24552,18193,246
"2024-01-06 13:10:00",24875,,246
"2024-01-06 13:20:00",25167,,246
"2024-01-06 13:30:00",25472,,246
"2024-01-06 13:40:00",25583,,246
"2024-01-06 13:50:00",25552,,246
"2024-01-06 14:00:00",25737,18200,283
"2024-01-06 14:10:00",25822,,283
"2024-01-06 14:20:00",25997,,283
"2024-01-06 14:30:00",26106,,283
"2024-01-06 14:40:00",26169,,283
"2024-01-06 14:50:00",26203,,283
"2024-01-06 15:00:00",26170,18207,276
"2024-01-06 15:10:00",26019,,276
"2024-01-06 15:20:00",25935,,276
"2024-01-06 15:30:00",25901,,276
"2024-01-06 15:40:00",25527,,276
"2024-01-06 15:50:00",25119,,276
"2024-01-06 16:00:00",24665,18218,303
"2024-01-06 16:10:00",24123,,303
"2024-01-06 16:20:00",23774,,303
"2024-01-06 16:30:00",23523,,303
"2024-01-06 16:40:00",23384,,303
"2024-01-06 16:50:00",23147,,303
"2024-01-06 17:00:00",22938,18249,427
"2024-01-06 17:10:00",22692,,427
"2024-01-06 17:20:00",22501,,427
"2024-01-06 17:30:00",22253,,427
"2024-01-06 17:40:00",22053,,427
"2024-01-06 17:50:00",21695,,427
"2024-01-06 18:00:00",21376,18286,462
"2024-01-06 18:10:00",21255,,462
"2024-01-06 18:20:00",20951,,462
"2024-01-06 18:30:00",20747,,462
"2024-01-06 18:40:00",20821,,462
"2024-01-06 18:50:00",20716,,462
"2024-01-06 19:00:00",20694,18321,959
"2024-01-06 19:10:00",20627,,959
"2024-01-06 19:20:00",20464,,959
"2024-01-06 19:30:00",20450,,959
"2024-01-06 19:40:00",20342,,959
"2024-01-06 19:50:00",20138,,959
"2024-01-06 20:00:00",19992,18358,966
"2024-01-06 20:10:00",19707,,966
"2024-01-06 20:20:00",19621,,966
"2024-01-06 20:30:00",19569,,966
"2024-01-06 20:40:00",19442,,966
"2024-01-06 20:50:00",19261,,966
"2024-01-06 21:00:00",19131,18372,622
"2024-01-06 21:10:00",18828,,622
"2024-01-06 21:20:00",18694,,622
"2024-01-06 21:30:00",18358,,622
"2024-01-06 21:40:00",18037,,622
"2024-01-06 21:50:00",17705,,622
"2024-01-06 22:00:00",17308,18372,600
"2024-01-06 22:10:00",16926,,600
"2024-01-06 22:20:00",16641,,600
"2024-01-06 22:30:00",16275,,600
"2024-01-06 22:40:00",15959,,600
"2024-01-06 22:50:00",15631,,600
"2024-01-06 23:00:00",15409,18372,500
"2024-01-06 23:10:00",14945,,500
"2024-01-06 23:20:00",14596,,500
"2024-01-06 23:30:00",14315,,500
"2024-01-06 23:40:00",13964,,500
"2024-01-06 23:50:00",13613,,500
"2024-01-07 00:00:00",13230,18371,476
"2024-01-07 00:10:00",12827,,476
"2024-01-07 00:20:00",12574,,476
"2024-01-07 00:30:00",12347,,476
"2024-01-07 00:40:00",12226,,476
"2024-01-07 00:50:00",12140,,476
"2024-01-07 01:00:00",11948,18355,410
"2024-01-07 01:10:00",11774,,410
"2024-01-07 01:20:00",11784,,410
"2024-01-07 01:30:00",11811,,410
"2024-01-07 01:40:00",11745,,410
"2024-01-07 01:50:00",11819,,410
"2024-01-07 02:00:00",11879,18338,388
"2024-01-07 02:10:00",11875,,388
"2024-01-07 02:20:00",12032,,388
"2024-01-07 02:30:00",12214,,388
"2024-01-07 02:40:00",12462,,388
"2024-01-07 02:50:00",12644,,388
"2024-01-07 03:00:00",12764,18320,414
"2024-01-07 03:10:00",12827,,414
"2024-01-07 03:20:00",12938,,414
"2024-01-07 03:30:00",12900,,414
"2024-01-07 03:40:00",12919,,414
"2024-01-07 03:50:00",12945,,414
"2024-01-07 04:00:00",12987,18309,313
"2024-01-07 04:10:00",13081,,313
"2024-01-07 04:20:00",13195,,313
"2024-01-07 04:30:00",13369,,313
"2024-01-07 04:40:00",13540,,313
"2024-01-07 04:50:00",13689,,313
"2024-01-07 05:00:00",13774,18306,1010
"2024-01-07 05:10:00",13883,,1010
"2024-01-07 05:20:00",14065,,1010
"2024-01-07 05:30:00",13971,,1010
"2024-01-07 05:40:00",13916,,1010
"2024-01-07 05:50:00",13914,,1010
"2024-01-07 06:00:00",13955,18309,621
"2024-01-07 06:10:00",13903,,621
"2024-01-07 06:20:00",13914,,621
"2024-01-07 06:30:00",14009,,621
"2024-01-07 06:40:00",14065,,621
"2024-01-07 06:50:00",14108,,621
"2024-01-07 07:00:00",14076,18299,358
"2024-01-07 07:10:00",14111,,358
"2024-01-07 07:20:00",14182,,358
"2024-01-07 07:30:00",14177,,358
"2024-01-07 07:40:00",14199,,358
"2024-01-07 07:50:00",14208,,358
"2024-01-07 08:00:00",14270,18266,319
"2024-01-07 08:10:00",14360,,319
"2024-01-07 08:20:00",14577,,319
"2024-01-07 08:30:00",14879,,319
"2024-01-07 08:40:00",14994,,319
"2024-01-07 08:50:00",15147,,319
"2024-01-07 09:00:00",15388,18236,297
"2024-01-07 09:10:00",15539,,297
"2024-01-07 09:20:00",15844,,297
"2024-01-07 09:30:00",16045,,297
"2024-01-07 09:40:00",16184,,297
"2024-01-07 09:50:00",16352,,297
"2024-01-07 10:00:00",16440,18183,279
"2024-01-07 10:10:00",16624,,279
"2024-01-07 10:20:00",17040,,279
"2024-01-07 10:30:00",17433,,279
"2024-01-07 10:40:00",17803,,279
"2024-01-07 10:50:00",18192,,279
"2024-01-07 11:00:00",18600,18138,230
"2024-01-07 11:10:00",18951,,230
"2024-01-07 11:20:00",19486,,230
"2024-01-07 11:30:00",19813,,230
"2024-01-07 11:40:00",20342,,230
"2024-01-07 11:50:00",20808,,230
"2024-01-07 12:00:00",20980,18078,230
"2024-01-07 12:10:00",21344,,230
"2024-01-07 12:20:00",21796,,230
"2024-01-07 12:30:00",22336,,230
"2024-01-07 12:40:00",22711,,230
"2024-01-07 12:50:00",22999,,230
"2024-01-07 13:00:00",23348,18011,267
"2024-01-07 13:10:00",23639,,267
"2024-01-07 13:20:00",24032,,267
"2024-01-07 13:30:00",24208,,267
"2024-01-07 13:40:00",24231,,267
"2024-01-07 13:50:00",24174,,267
"2024-01-07 14:00:00",24265,17925,335
"2024-01-07 14:10:00",24206,,335
"2024-01-07 14:20:00",24167,,335
"2024-01-07 14:30:00",24315,,335
"2024-01-07 14:40:00",24365,,335
"2024-01-07 14:50:00",24316,,335
"2024-01-07 15:00:00",24222,17837,371
"2024-01-07 15:10:00",23882,,371
"2024-01-07 15:20:00",23468,,371
"2024-01-07 15:30:00",23206,,371
"2024-01-07 15:40:00",22637,,371
"2024-01-07 15:50:00",22237,,371
"2024-01-07 16:00:00",21964,17719,543
"2024-01-07 16:10:00",21358,,543
"2024-01-07 16:20:00",21046,,543
"2024-01-07 16:30:00",20862,,543
"2024-01-07 16:40:00",20667,,543
"2024-01-07 16:50:00",20507,,543
"2024-01-07 17:00:00",20415,17611,386
"2024-01-07 17:10:00",20128,,386
"2024-01-07 17:20:00",19983,,386
"2024-01-07 17:30:00",19780,,386
"2024-01-07 17:40:00",19607,,386
"2024-01-07 17:50:00",19364,,386
"2024-01-07 18:00:00",19132,17516,478
"2024-01-07 18:10:00",19023,,478
"2024-01-07 18:20:00",18956,,478
"2024-01-07 18:30:00",19031,,478
"2024-01-07 18:40:00",18929,,478
"2024-01-07 18:50:00",18881,,478
"2024-01-07 19:00:00",18731,17436,847
"2024-01-07 19:10:00",18649,,847
"2024-01-07 19:20:00",18667,,847
"2024-01-07 19:30:00",18512,,847
"2024-01-07 19:40:00",18325,,847
"2024-01-07 19:50:00",18048,,847
"2024-01-07 20:00:00",17717,17344,824
"2024-01-07 20:10:00",17440,,824
"2024-01-07 20:20:00",17098,,824
"2024-01-07 20:30:00",16826,,824
"2024-01-07 20:40:00",16605,,824
"2024-01-07 20:50:00",16288,,824
"2024-01-07 21:00:00",15927,17216,484
"2024-01-07 21:10:00",15431,,484
"2024-01-07 21:20:00",14995,,484
"2024-01-07 21:30:00",14675,,484
"2024-01-07 21:40:00",14209,,484
"2024-01-07 21:50:00",13783,,484
"2024-01-07 22:00:00",13363,17060,445
"2024-01-07 22:10:00",12986,,445
"2024-01-07 22:20:00",12616,,445
"2024-01-07 22:30:00",12304,,445
"2024-01-07 22:40:00",11968,,445
"2024-01-07 22:50:00",11643,,445
"2024-01-07 23:00:00",11339,16900,405
"2024-01-07 23:10:00",11056,,405
"2024-01-07 23:20:00",10788,,405
"2024-01-07 23:30:00",10540,,405
"2024-01-07 23:40:00",10286,,405
"2024-01-07 23:50:00",10054,,405
"2024-01-08 00:00:00",9901,16770,451
"2024-01-08 00:10:00",9656,,451
"2024-01-08 00:20:00",9531,,451
"2024-01-08 00:30:00",9498,,451
"2024-01-08 00:40:00",9522,,451
"2024-01-08 00:50:00",9500,,451
"2024-01-08 01:00:00",9497,16676,492
"2024-01-08 01:10:00",9493,,492
"2024-01-08 01:20:00",9354,,492
"2024-01-08 01:30:00",9330,,492
"2024-01-08 01:40:00",9229,,492
"2024-01-08 01:50:00",9192,,492
"2024-01-08 02:00:00",9193,16554,492
"2024-01-08 02:10:00",9216,,492
"2024-01-08 02:20:00",9232,,492
"2024-01-08 02:30:00",9340,,492
"2024-01-08 02:40:00",9422,,492
"2024-01-08 02:50:00",9471,,492
"2024-01-08 03:00:00",9475,16421,400
"2024-01-08 03:10:00",9389,,400
"2024-01-08 03:20:00",9268,,400
"2024-01-08 03:30:00",9267,,400
"2024-01-08 03:40:00",9241,,400
"2024-01-08 03:50:00",9134,,400
"2024-01-08 04:00:00",9068,16252,406
"2024-01-08 04:10:00",9009,,406
"2024-01-08 04:20:00",9170,,406
"2024-01-08 04:30:00",9278,,406
"2024-01-08 04:40:00",9272,,406
"2024-01-08 04:50:00",9334,,406
"2024-01-08 05:00:00",9314,16068,320
"2024-01-08 05:10:00",9274,,320
"2024-01-08 05:20:00",9186,,320
"2024-01-08 05:30:00",9064,,320
"2024-01-08 05:40:00",8924,,320
"2024-01-08 05:50:00",8750,,320
"2024-01-08 06:00:00",8688,15856,266
"2024-01-08 06:10:00",8505,,266
"2024-01-08 06:20:00",8413,,266
"2024-01-08 06:30:00",8475,,266
"2024-01-08 06:40:00",8390,,266
"2024-01-08 06:50:00",8391,,266
"2024-01-08 07:00:00",8338,15641,239
"2024-01-08 07:10:00",8440,,239
"2024-01-08 07:20:00",8518,,239
"2024-01-08 07:30:00",8561,,239
"2024-01-08 07:40:00",8648,,239
"2024-01-08 07:50:00",8707,,239
"2024-01-08 08:00:00",8766,15430,184
"2024-01-08 08:10:00",8948,,184
"2024-01-08 08:20:00",9139,,184
"2024-01-08 08:30:00",9343,,184
"2024-01-08 08:40:00",9601,,184
"2024-01-08 08:50:00",9781,,184
"2024-01-08 09:00:00",9826,15198,305
"2024-01-08 09:10:00",9952,,305
"2024-01-08 09:20:00",10014,,305
"2024-01-08 09:30:00",10197,,305
"2024-01-08 09:40:00",10262,,305
"2024-01-08 09:50:00",10449,,305
"2024-01-08 10:00:00",10632,14948,338
"2024-01-08 10:10:00",10932,,338
"2024-01-08 10:20:00",11196,,338
"2024-01-08 10:30:00",11407,,338
"2024-01-08 10:40:00",11584,,338
"2024-01-08 10:50:00",11862,,338
"2024-01-08 11:00:00",12116,14662,393
"2024-01-08 11:10:00",12320,,393
"2024-01-08 11:20:00",12812,,393
"2024-01-08 11:30:00",13053,,393
"2024-01-08 11:40:00",13321,,393
"2024-01-08 11:50:00",13592,,393
"2024-01-08 12:00:00",13914,14384,409
"2024-01-08 12:10:00",14319,,409
"2024-01-08 12:20:00",14761,,409
"2024-01-08 12:30:00",15102,,409
"2024-01-08 12:40:00",15582,,409
"2024-01-08 12:50:00",16029,,409
"2024-01-08 13:00:00",16272,14102,451
"2024-01-08 13:10:00",16672,,451
"2024-01-08 13:20:00",16881,,451
"2024-01-08 13:30:00",16877,,451
"2024-01-08 13:40:00",16977,,451
"2024-01-08 13:50:00",17167,,451
"2024-01-08 14:00:00",17208,13837,261
"2024-01-08 14:10:00",17268,,261
"2024-01-08 14:20:00",17483,,261
"2024-01-08 14:30:00",17740,,261
"2024-01-08 14:40:00",17655,,261
"2024-01-08 14:50:00",17586,,261
"2024-01-08 15:00:00",17396,13563,268
"2024-01-08 15:10:00",17087,,268
"2024-01-08 15:20:00",16650,,268
"2024-01-08 15:30:00",16553,,268
"2024-01-08 15:40:00",16365,,268
"2024-01-08 15:50:00",16219,,268
"2024-01-08 16:00:00",16028,13318,246
"2024-01-08 16:10:00",15794,,246
"2024-01-08 16:20:00",15655,,246
"2024-01-08 16:30:00",15654,,246
"2024-01-08 16:40:00",15592,,246
"2024-01-08 16:50:00",15500,,246
"2024-01-08 17:00:00",15400,13112,247
"2024-01-08 17:10:00",15391,,247
"2024-01-08 17:20:00",15309,,247
"2024-01-08 17:30:00",15259,,247
"2024-01-08 17:40:00",15137,,247
"2024-01-08 17:50:00",14976,,247
"2024-01-08 18:00:00",14893,12947,321
"2024-01-08 18:10:00",14798,,321
"2024-01-08 18:20:00",14885,,321
"2024-01-08 18:30:00",14888,,321
"2024-01-08 18:40:00",15149,,321
"2024-01-08 18:50:00",15107,,321
"2024-01-08 19:00:00",14895,12790,331
"2024-01-08 19:10:00",14925,,331
"2024-01-08 19:20:00",14801,,331
"2024-01-08 19:30:00",14772,,331
"2024-01-08 19:40:00",14706,,331
"2024-01-08 19:50:00",14529,,331
"2024-01-08 20:00:00",14252,12647,339
"2024-01-08 20:10:00",13958,,339
"2024-01-08 20:20:00",13693,,339
"2024-01-08 20:30:00",13607,,339
"2024-01-08 20:40:00",13370,,339
"2024-01-08 20:50:00",13109,,339
"2024-01-08 21:00:00",12805,12518,378
"2024-01-08 21:10:00",12322,,378
"2024-01-08 21:20:00",12075,,378
"2024-01-08 21:30:00",11672,,378
"2024-01-08 21:40:00",11270,,378
"2024-01-08 21:50:00",10909,,378
"2024-01-08 22:00:00",10587,12404,340
"2024-01-08 22:10:00",10263,,340
"2024-01-08 22:20:00",9984,,340
"2024-01-08 22:30:00",9767,,340
"2024-01-08 22:40:00",9576,,340
"2024-01-08 22:50:00",9308,,340
"2024-01-08 23:00:00",9096,12316,361
"2024-01-08 23:10:00",8877,,361
"2024-01-08 23:20:00",8601,,361
"2024-01-08 23:30:00",8475,,361
"2024-01-08 23:40:00",8292,,361
"2024-01-08 23:50:00",8040,,361
"2024-01-09 00:00:00",8040,12244,323
"2024-01-09 00:10:00",7927,,323
"2024-01-09 00:20:00",7890,,323
"2024-01-09 00:30:00",7958,,323
"2024-01-09 00:40:00",7987,,323
"2024-01-09 00:50:00",7967,,323
"2024-01-09 01:00:00",7920,12197,381
"2024-01-09 01:10:00",7867,,381
"2024-01-09 01:20:00",7932,,381
"2024-01-09 01:30:00",7998,,381
"2024-01-09 01:40:00",8100,,381
"2024-01-09 01:50:00",8212,,381
"2024-01-09 02:00:00",8270,12168,453
"2024-01-09 02:10:00",8340,,453
"2024-01-09 02:20:00",8426,,453
"2024-01-09 02:30:00",8518,,453
"2024-01-09 02:40:00",8543,,453
"2024-01-09 02:50:00",8618,,453
"2024-01-09 03:00:00",8623,12138,545
"2024-01-09 03:10:00",8593,,545
"2024-01-09 03:20:00",8477,,545
"2024-01-09 03:30:00",8462,,545
"2024-01-09 03:40:00",8343,,545
"2024-01-09 03:50:00",8287,,545
"2024-01-09 04:00:00",8235,12110,402
"2024-01-09 04:10:00",8253,,402
"2024-01-09 04:20:00",8287,,402
"2024-01-09 04:30:00",8468,,402
"2024-01-09 04:40:00",8528,,402
"2024-01-09 04:50:00",8493,,402
"2024-01-09 05:00:00",8446,12079,472
"2024-01-09 05:10:00",8307,,472
"2024-01-09 05:20:00",8242,,472
"2024-01-09 05:30:00",8183,,472
"2024-01-09 05:40:00",8180,,472
"2024-01-09 05:50:00",8083,,472
"2024-01-09 06:00:00",8011,12056,463
"2024-01-09 06:10:00",7891,,463
"2024-01-09 06:20:00",7859,,463
"2024-01-09 06:30:00",7840,,463
"2024-01-09 06:40:00",7914,,463
"2024-01-09 06:50:00",7929,,463
"2024-01-09 07:00:00",7897,12031,386
"2024-01-09 07:10:00",7905,,386
"2024-01-09 07:20:00",7932,,386
"2024-01-09 07:30:00",7925,,386
"2024-01-09 07:40:00",7934,,386
"2024-01-09 07:50:00",7966,,386
"2024-01-09 08:00:00",8085,12000,133
"2024-01-09 08:10:00",8245,,133
"2024-01-09 08:20:00",8386,,133
"2024-01-09 08:30:00",8611,,133
"2024-01-09 08:40:00",8745,,133
"2024-01-09 08:50:00",8901,,133
"2024-01-09 09:00:00",8981,11973,108
"2024-01-09 09:10:00",9159,,108
"2024-01-09 09:20:00",9378,,108
"2024-01-09 09:30:00",9467,,108
"2024-01-09 09:40:00",9485,,108
"2024-01-09 09:50:00",9693,,108
"2024-01-09 10:00:00",9790,11942,179
"2024-01-09 10:10:00",9863,,179
"2024-01-09 10:20:00",10076,,179
"2024-01-09 10:30:00",10453,,179
"2024-01-09 10:40:00",10760,,179
"2024-01-09 10:50:00",11040,,179
"2024-01-09 11:00:00",11254,11906,193
"2024-01-09 11:10:00",11511,,193
"2024-01-09 11:20:00",11761,,193
"2024-01-09 11:30:00",12119,,193
"2024-01-09 11:40:00",12377,,193
"2024-01-09 11:50:00",12703,,193
"2024-01-09 12:00:00",12996,11850,168
"2024-01-09 12:10:00",13204,,168
"2024-01-09 12:20:00",13588,,168
"2024-01-09 12:30:00",13996,,168
"2024-01-09 12:40:00",14373,,168
"2024-01-09 12:50:00",14688,,168
"2024-01-09 13:00:00",15022,11801,134
"2024-01-09 13:10:00",15337,,134
"2024-01-09 13:20:00",15658,,134
"2024-01-09 13:30:00",15968,,134
"2024-01-09 13:40:00",16010,,134
"2024-01-09 13:50:00",16077,,134
"2024-01-09 14:00:00",16265,11736,121
"2024-01-09 14:10:00",16330,,121
"2024-01-09 14:20:00",,,121
"2024-01-09 14:30:00",,,121
"2024-01-09 14:40:00",,,121
"2024-01-09 14:50:00",,,121